epoch,time_s,cycle_index,phase_fraction,phase,pulse_factor,inlet_speed_m_s,mean_inlet_velocity_m_s,mean_outlet_velocity_m_s,inlet_flow_per_depth_m2_s,outlet_flow_per_depth_m2_s,delta_p_pa,max_velocity_m_s,min_axial_velocity_m_s,backflow_percent,max_wss_pa,mean_abs_wss_pa,max_vorticity_s_1,flux_error,mach,density_variation,particle_count,particles_recycled,particle_relaxation_time_s,particle_stokes_number
15,6.893720634920639,8,0.2724647619047662,SYSTOLE,1.354075692875976,0.4062227078627928,0.4063093042014662,0.3955709279053819,0.0016252372168058648,0.0015822837116215276,590.4557627186633,1.3310767349066575,-0.3570132749917244,12.14068478367507,27.713870224799074,4.689438406898437,5149.714014106165,0.026429068163203506,0.14638047832579185,0.006931176590589727,0,0,1.0768253968253968e-06,8.119072214077393e-06
15,6.9449206349206385,8,0.3339047619047655,SYSTOLE,1.3037779440270105,0.39113338320810315,0.3910899347604631,0.3790537148873323,0.0015643597390418524,0.0015162148595493292,594.8152716502645,1.2354587830222976,-0.5368190153934849,11.650152065142745,24.95694443889439,4.487097755262876,4670.814657786729,0.030776092155127447,0.13586523065725928,0.007057413550329628,0,0,1.0768253968253968e-06,8.119072214077393e-06
15,6.997339682539686,8,0.3968076190476246,DIASTOLE,1.2365214277576233,0.370956428327287,0.3708826882448536,0.35620687577623217,0.0014835307529794143,0.0014248275031049286,553.6611296222536,1.1520406417140472,-0.5214231109628025,11.139998037869125,22.692406464928762,4.404110194976153,4271.30561198194,0.03956995819371475,0.12669161421161804,0.006295791365240833,0,0,1.0768253968253968e-06,8.119072214077393e-06
15,7.050368253968258,8,0.46044190476190927,DIASTOLE,1.1558474043498066,0.346754221304942,0.346701486268376,0.33141877482886123,0.001386805945073504,0.0013256750993154449,251.77378487221623,1.0977611544096433,-0.4459149705294554,11.468654959285784,21.03032594453728,3.8290533734144923,4169.711487793004,0.0440803170589371,0.12072241866748991,0.0035800480196395146,0,0,1.0768253968253968e-06,8.119072214077393e-06
15,7.100958730158734,8,0.5211504761904813,DIASTOLE,1.0710009847085884,0.3213002954125765,0.3213269340330667,0.3139152531534053,0.001285307736132267,0.0012556610126136212,139.34845453611828,1.0579808690101031,-0.335354423830065,12.170116746787011,20.120734001541038,3.4878782148303933,3828.2020218534926,0.02306585628112553,0.11634772181342046,0.003786455890443796,0,0,1.0768253968253968e-06,8.119072214077393e-06
15,7.15154920634921,8,0.5818590476190515,DIASTOLE,0.9826769094795366,0.294803072843861,0.2948687017107968,0.3099999510614987,0.0011794748068431873,0.0012399998042459948,148.77597316972944,1.0076620934319949,-0.3204964677613682,9.285784361816933,18.929555286621596,3.334564589763476,3613.864949231346,-0.051315209999949186,0.1108140915990751,0.0035344660319149845,0,0,1.0768253968253968e-06,8.119072214077393e-06
15,7.203358730158734,8,0.6440304761904816,DIASTOLE,0.8931399633304764,0.2679419889991429,0.26799615898201057,0.2847623145013857,0.0010719846359280422,0.001139049258005543,316.16918610536584,0.9211966612518437,-0.18697344628314003,8.859020896693808,16.969837117519006,2.8585168082959336,3253.6780831012825,-0.06256117842532441,0.1013053600667308,0.003665899435951747,0,0,1.0768253968253968e-06,8.119072214077393e-06
15,7.2563873015873055,8,0.7076647619047662,DIASTOLE,0.8072156104340743,0.24216468313022227,0.2422007361224081,0.24919090758290716,0.0009688029444896325,0.0009967636303316286,253.29132711938124,0.8311114252787373,-0.18161807429587706,9.25144707151967,14.744071917359058,2.551047151716603,2855.7163896142306,-0.02886106612395357,0.09139855335452432,0.0028985499097635703,0,0,1.0768253968253968e-06,8.119072214077393e-06
15,7.306977777777782,8,0.7683733333333365,DIASTOLE,0.7348474229172386,0.22045422687517158,0.2204455637429415,0.21755454808255076,0.000881782254971766,0.0008702181923302031,176.66129169116772,0.739744633317782,-0.20110475521558802,10.085352693024625,12.39672632250672,2.168033059450245,2432.359305142728,0.013114419774679214,0.08135081203382906,0.002026219424093423,0,0,1.0768253968253968e-06,8.119072214077393e-06
15,7.358787301587306,8,0.8305447619047683,DIASTOLE,0.674221583059182,0.2022664749177546,0.20224812144817278,0.19701426558730253,0.0008089924857926911,0.0007880570623492101,97.55307023052698,0.6789412931737441,-0.10245337770431187,10.458157559109193,10.952422949516105,1.7724097971377522,2172.125383574713,0.02587839048092947,0.07466417873863121,0.0012326231723924774,0,0,1.0768253968253968e-06,8.119072214077393e-06
15,7.4099873015873055,8,0.8919847619047676,DIASTOLE,0.6307369518762529,0.18922108556287587,0.18922032402302927,0.18884435491131174,0.0007568812960921171,0.0007553774196452469,98.48730295701449,0.6486370174835153,-0.06863766585915095,8.908074168547042,10.362974764777707,1.6311972056211033,2067.1143892603413,0.0019869383146800643,0.07133157269532643,0.001137526943892464,0,0,1.0768253968253968e-06,8.119072214077393e-06
15,7.461187301587306,8,0.9534247619047669,DIASTOLE,0.6057755733461145,0.18173267200383436,0.1817375154047767,0.1830691960649761,0.0007269500616191068,0.0007322767842599044,96.97279921785342,0.6283474383390106,-0.04046880166781077,7.902482095555774,9.978152203924889,1.530041503175519,1996.333835597346,-0.007327494585987917,0.06910029765135994,0.0011055428791035826,0,0,1.0768253968253968e-06,8.119072214077393e-06
15,7.511777777777782,9,0.014133333333338882,SYSTOLE,0.6199489263787349,0.18598467791362047,0.18597615948083285,0.18419640616118388,0.0007439046379233314,0.0007367856246447356,215.54806721599383,0.631097397677606,-0.02812177166776364,5.866771313646621,10.203879945709764,1.585035961353308,2018.70985232516,0.009569792841283061,0.06940271474934062,0.002468872994874527,0,0,1.0768253968253968e-06,8.119072214077393e-06
15,7.56419682539683,9,0.07703619047619625,SYSTOLE,1.0628946109205568,0.318868383276167,0.31886733748643203,0.3209866753521743,0.0012754693499457282,0.0012839467014086972,569.3184996806633,1.0336572518255278,-0.02495060045292539,1.7561071323457276,20.316663238799958,3.209575428773767,3843.553637143744,-0.006646456430591261,0.1136728176364338,0.0065221604254517285,0,0,1.0768253968253968e-06,8.119072214077393e-06
15,7.614787301587306,9,0.13774476190476825,SYSTOLE,1.3994878870289909,0.41984636610869724,0.41985248640378015,0.42350814519367386,0.0016794099456151207,0.0016940325807746955,494.4229881298048,1.3450799760235925,-0.21109531106492788,8.706955753948789,28.2888092018053,4.013291958607992,5241.2870773065415,-0.008707007599755024,0.14792043547405653,0.00563766007806743,0,0,1.0768253968253968e-06,8.119072214077393e-06
15,7.665987301587306,9,0.19918476190476753,SYSTOLE,1.3906876287897436,0.41720628863692305,0.4171959306901051,0.4160229790486847,0.0016687837227604204,0.0016640919161947387,487.35067685508284,1.3338894680042241,-0.3264665479844492,10.688707936819386,27.606074889404695,4.46476372471105,5125.49775237746,0.0028115126614014023,0.14668979874694205,0.0057146486358770066,0,0,1.0768253968253968e-06,8.119072214077393e-06
15,7.7184063492063535,9,0.2620876190476249,SYSTOLE,1.3608739956682565,0.4082621987004769,0.40826330171268105,0.4128396217418331,0.0016330532068507242,0.0016513584869673325,470.3960999139868,1.3163400924964497,-0.27906622959103783,11.77769057196115,27.08156529538585,4.291218752058447,5036.015061517534,-0.011209236808584504,0.1447598679519852,0.005376531037301957,0,0,1.0768253968253968e-06,8.119072214077393e-06
15,7.770215873015877,9,0.32425904761905144,SYSTOLE,1.3127568860891545,0.39382706582674637,0.39379592143603326,0.4037618182559394,0.001575183685744133,0.0016150472730237576,746.8423967145208,1.2611848289010918,-0.242640988194671,11.502992249583047,25.746319840103148,4.321918614735465,4792.700072471901,-0.02530726266428572,0.13869436199312718,0.008543951328711774,0,0,1.0768253968253968e-06,8.119072214077393e-06
15,7.822025396825401,9,0.38643047619047977,DIASTOLE,1.2485768801405024,0.3745730640421507,0.3746202641457702,0.36903498301221094,0.001498481056583081,0.0014761399320488437,147.53852938951852,1.2149277551087276,-0.41949691609931883,12.538016285686254,24.172486121722052,4.137362188717485,4545.946267061699,0.01490918049053001,0.1336074031348518,0.004431343652221087,0,0,1.0768253968253968e-06,8.119072214077393e-06
15,7.873834920634925,9,0.44860190476190986,DIASTOLE,1.1716302019196838,0.3514890605759051,0.3515503628914739,0.33997916776129905,0.0014062014515658957,0.0013599166710451963,218.87454758674957,1.1601269240047192,-0.39108857205842523,11.189051309722359,22.973144226806838,4.050036176744786,4322.8877754375435,0.03291475803069197,0.12758087464157283,0.004098736132528424,0,0,1.0768253968253968e-06,8.119072214077393e-06
15,7.925034920634925,9,0.5100419047619109,DIASTOLE,1.086912302638652,0.3260736907915956,0.32612781661070006,0.3457548713524299,0.0013045112664428003,0.0013830194854097195,282.31197412272235,1.1018175735150306,-0.3604808828360787,9.526145393897773,21.376840095291975,3.8228201324939524,4042.998192349237,-0.06018209346784644,0.1211685090793835,0.0032868885672936443,0,0,1.0768253968253968e-06,8.119072214077393e-06
15,7.975625396825401,9,0.5707504761904811,DIASTOLE,0.9989034011472655,0.29967102034417964,0.29968724290280613,0.30523071124129125,0.0011987489716112246,0.001220922844965165,409.3521186032385,0.996059722289781,-0.29020348995402545,10.777003826155203,18.853324392163618,3.2239593254577565,3586.6666027290294,-0.018497511888695844,0.10953816167484745,0.0047061917394779496,0,0,1.0768253968253968e-06,8.119072214077393e-06
15,8.026215873015877,9,0.6314590476190514,DIASTOLE,0.9109482114902077,0.2732844634470623,0.2732327299485882,0.2564167022452314,0.0010929309197943529,0.0010256668089809256,296.54260111677235,0.8768452531103027,-0.26886879714647005,11.89541842440891,15.613450304576064,2.678420302237255,3017.335728764824,0.06154470478892086,0.09642797008016743,0.003475469291715605,0,0,1.0768253968253968e-06,8.119072214077393e-06
15,8.079244444444448,9,0.6950933333333378,DIASTOLE,0.823508380639649,0.2470525141918947,0.24700683910250057,0.2352374762046922,0.0009880273564100023,0.0009409499048187689,192.15243569984284,0.800902261942151,-0.1662278581020791,12.39576179731188,13.692059171425635,2.2519087830665026,2672.21437032659,0.047647923193431925,0.08807640695750119,0.0022270315586845335,0,0,1.0768253968253968e-06,8.119072214077393e-06
15,8.131053968253973,9,0.7572647619047679,DIASTOLE,0.7472156001895973,0.2241646800568792,0.22412893125420444,0.2122777702144818,0.0008965157250168178,0.0008491110808579272,8.586890310581667,0.7367362119580048,-0.1461031305477226,11.655057392328068,12.069754760714655,2.0158243223115955,2380.158589101596,0.05287653393698284,0.08101997148489512,0.00217779803067375,0,0,1.0768253968253968e-06,8.119072214077393e-06
15,8.18164444444445,9,0.8179733333333381,DIASTOLE,0.6852199805324575,0.20556599415973723,0.20557746234324786,0.2098280589404206,0.0008223098493729914,0.0008393122357616824,44.365045562742814,0.7088718639300892,-0.13646848778238635,9.0258020209948,11.637325745509209,1.9084038771045917,2295.5381283223346,-0.02067637448542685,0.07795568789733122,0.0017894539859935055,0,0,1.0768253968253968e-06,8.119072214077393e-06
15,8.23284444444445,9,0.8794133333333392,DIASTOLE,0.638185398042211,0.19145561941266329,0.19147108517528716,0.19746309329822745,0.0007658843407011487,0.0007898523731929098,145.84523793711762,0.6661632300873975,-0.08614833149783485,8.662807809280878,10.866272320155197,1.7333240721296146,2145.768545541504,-0.03129458485835986,0.07325895623146471,0.0016914637370153418,0,0,1.0768253968253968e-06,8.119072214077393e-06
15,8.28587301587302,9,0.9430476190476256,DIASTOLE,0.6086256045898348,0.18258768137695044,0.18259728140164935,0.1859179260764083,0.0007303891256065974,0.0007436717043056332,178.19528510376483,0.6332008669218018,-0.04656089476146218,7.568919846953792,10.19527698003611,1.5897100312587877,2020.70704307464,-0.018185619464151405,0.06963403637493464,0.0020421053170271986,0,0,1.0768253968253968e-06,8.119072214077393e-06
15,8.338292063492068,10,0.005950476190481169,SYSTOLE,0.6035606700735545,0.18106820102206636,0.18105944659735979,0.17929339605905845,0.0007242377863894391,0.0007171735842362338,194.2005296488649,0.6167069043849792,-0.037137006480480676,6.73991955263416,9.834087035700186,1.5180104757629422,1957.425218633934,0.009753981752902902,0.06782017090624166,0.0022211881731606375,0,0,1.0768253968253968e-06,8.119072214077393e-06
15,8.389492063492067,10,0.06739047619048044,SYSTOLE,0.9765903529867328,0.29297710589601983,0.2929683942595258,0.2924760269696264,0.0011718735770381032,0.0011699041078785056,546.4236662089712,0.9512208824923751,-0.015407167434449144,0.9172961836554497,18.19077445912233,2.936444047372701,3465.327090663088,0.0016806157235626257,0.10460716810776503,0.006261401635830666,0,0,1.0768253968253968e-06,8.119072214077393e-06
15,8.442520634920639,10,0.13102476190476686,SYSTOLE,1.3919146823437942,0.4175744047031383,0.4175752149275483,0.42010254235506367,0.0016703008597101932,0.0016804101694202548,510.0792717713015,1.3336015284251714,-0.18112550347187717,7.7062690081428435,28.04964746869448,3.9370556183350462,5199.450759131308,-0.006052388497133165,0.14665813360532748,0.0058232824434965025,0,0,1.0768253968253968e-06,8.119072214077393e-06
15,8.49372063492064,10,0.1924647619047679,SYSTOLE,1.3926761660709361,0.41780284982128085,0.4178138792237255,0.4216320909012617,0.001671255516894902,0.0016865283636050468,450.9057990927621,1.3484005424569145,-0.33680011617071715,9.315216324928873,28.020452714966616,4.515663465589618,5197.355414544759,-0.009138546772620855,0.14828560307865474,0.0052317001105830485,0,0,1.0768253968253968e-06,8.119072214077393e-06
15,8.54492063492064,10,0.25390476190476896,SYSTOLE,1.36586958691335,0.40976087607400496,0.40979462659241167,0.42407554214661064,0.0016391785063696468,0.0016963021685864426,544.7544517371845,1.3388372156566744,-0.2736391752563608,9.972530167762189,27.708590084712426,4.649695795007613,5145.027741610211,-0.03484895756918501,0.1472339098781848,0.006243417538291718,0,0,1.0768253968253968e-06,8.119072214077393e-06
15,8.595511111111115,10,0.3146133333333374,SYSTOLE,1.3213475583833338,0.39640426751500013,0.3964834452239991,0.4027602087255232,0.0015859337808959964,0.0016110408349020928,186.57433091719594,1.3091176330206205,-0.45338986958812666,11.856175806926322,26.7268261961909,4.550107221462883,4995.707268721099,-0.015831085956131107,0.1439656033953031,0.004899298852432787,0,0,1.0768253968253968e-06,8.119072214077393e-06
15,8.64732063492064,10,0.3767847619047675,DIASTOLE,1.2594626771291864,0.3778388031387559,0.3780098465666644,0.4067177135575325,0.0015120393862666577,0.00162687085423013,585.8991915257715,1.302911964635879,-0.43234742850994967,7.544393211027176,27.316463092419053,4.692700769618502,5045.805758757786,-0.07594475977705861,0.14328315685960175,0.0066185060044825494,0,0,1.0768253968253968e-06,8.119072214077393e-06
15,8.699739682539688,10,0.4396876190476249,DIASTOLE,1.1833027529417377,0.3549908258825213,0.35502933766581024,0.3968390193607373,0.0014201173506632409,0.0015873560774429492,538.9920071906452,1.195433297442117,-0.42972789059172706,7.892671441185127,23.892126464755773,4.4384902908332124,4618.79867042183,-0.11776401908025584,0.1314635687764664,0.006537236180191863,0,0,1.0768253968253968e-06,8.119072214077393e-06
15,8.750939682539688,10,0.5011276190476259,DIASTOLE,1.0995783921070599,0.329873517632118,0.3298349172471916,0.31491825303359483,0.0013193396689887664,0.0012596730121343794,628.878113231463,1.0571747214776661,-0.4182977727011566,9.933287550279605,20.574012566205283,3.968157161245303,3881.7560225371712,0.045224636427493865,0.11625906857630444,0.007170451073743145,0,0,1.0768253968253968e-06,8.119072214077393e-06
15,8.801530158730163,10,0.5618361904761944,DIASTOLE,1.0119272383604576,0.30357817150813726,0.3035415204545314,0.2702655599154441,0.0012141660818181257,0.0010810622396617764,151.53754232946483,0.9627074687347257,-0.3141770129017606,12.954969096438731,17.582120356133807,3.092702095424272,3385.3617881081573,0.10962572925528945,0.10587036499521092,0.002293455227576402,0,0,1.0768253968253968e-06,8.119072214077393e-06
15,8.852730158730164,10,0.6232761904761972,DIASTOLE,0.9226430180193379,0.27679290540580137,0.27675738418951906,0.27309426984048435,0.0011070295367580762,0.0010923770793619374,37.32504035930655,0.9014615732449802,-0.2807246554474566,9.962719513391544,15.959491226345037,2.8498932794025813,3088.4612368471194,0.01323583238713609,0.09913506323373202,0.003322941200294527,0,0,1.0768253968253968e-06,8.119072214077393e-06
15,8.90332063492064,10,0.6839847619047692,DIASTOLE,0.8382161062623587,0.2514648318787076,0.2515004325037811,0.260959223443553,0.0010060017300151246,0.001043836893774212,119.18642707715634,0.8627681569766996,-0.22192463510548321,9.71745315412538,15.319939484000097,2.5738508272149283,2965.4259342517566,-0.03760944204193232,0.09487989098642571,0.0023673099803168673,0,0,1.0768253968253968e-06,8.119072214077393e-06
15,8.955130158730164,10,0.7461561904761957,DIASTOLE,0.7599999849964073,0.2279999954989222,0.22802343577116027,0.23856994026204958,0.0009120937430846411,0.0009542797610481984,298.53397070247865,0.7840983935039328,-0.1525130643123866,8.530363975277151,13.660807865024044,2.304881006108596,2655.0301691287236,-0.04625184448792175,0.08622846067821885,0.0034572217037982522,0,0,1.0768253968253968e-06,8.119072214077393e-06
15,9.00754920634921,10,0.8090590476190531,DIASTOLE,0.6934224612160609,0.20802673836481825,0.20801274762613486,0.20528841582212834,0.0008320509905045395,0.0008211536632885133,304.55209670885347,0.6982792206366389,-0.12041339858321279,10.193269891101735,11.663720135361881,1.9424193605549356,2286.8123955469505,0.013096946389569458,0.07679079923887347,0.00350452004021351,0,0,1.0768253968253968e-06,8.119072214077393e-06
15,9.058749206349212,10,0.8704990476190542,DIASTOLE,0.6439303054879297,0.19317909164637892,0.19315533479161093,0.18686872713206631,0.0007726213391664438,0.0007474749085282652,152.07466459052475,0.6472747510332025,-0.10394521975776512,9.795938389090553,10.33806767070722,1.669131917120835,2055.7588641018833,0.03254690152010052,0.07118176223784145,0.0017539302678266644,0,0,1.0768253968253968e-06,8.119072214077393e-06
15,9.111777777777784,10,0.9341333333333406,DIASTOLE,0.6115230631229609,0.18345691893688826,0.18344072839657785,0.17853139209672841,0.0007337629135863114,0.0007141255683869136,96.312502969686,0.6213493102971894,-0.07403728095644162,9.104287255959973,9.751178141496133,1.5287256993286857,1961.1087263619204,0.026762520748587627,0.06833070315445157,0.001098274352097972,0,0,1.0768253968253968e-06,8.119072214077393e-06
15,9.163587301587306,10,0.9963047619047689,DIASTOLE,0.6000364427462415,0.18001093282387243,0.18000866672691598,0.17931966385364015,0.0007200346669076639,0.0007172786554145606,72.93518997405401,0.6188782865164242,-0.03875880861891918,7.514961247915236,9.735694414558237,1.4779541808128849,1958.7911296842667,0.003827609446833371,0.06805896101254705,0.0011950000880980305,0,0,1.0768253968253968e-06,8.119072214077393e-06
15,9.21539682539683,11,0.058476190476195455,SYSTOLE,0.8977115017826048,0.26931345053478145,0.26931563396273195,0.27170262878056783,0.001077262535850928,0.0010868105151222713,494.56556376536224,0.8872223182805347,-0.003774524561004307,0.07848523496517218,16.56889520744253,2.7248351001884297,3174.9494329008526,-0.008863186970297626,0.09756915129339251,0.005668312693148936,0,0,1.0768253968253968e-06,8.119072214077393e-06
15,9.267206349206354,11,0.12064761904762555,SYSTOLE,1.362871575767728,0.4088614727303184,0.40887091511781265,0.41455526745178106,0.0016354836604712507,0.0016582210698071244,569.7419230573266,1.311205471018821,-0.13449869099324946,6.161090944766015,27.59556562392933,3.874635032375415,5117.670502306428,-0.013902559765911756,0.14419520602964314,0.006511413025219959,0,0,1.0768253968253968e-06,8.119072214077393e-06
15,9.317796825396831,11,0.18135619047619755,SYSTOLE,1.395443957967581,0.4186331873902743,0.418642197416949,0.42520558695557276,0.0016745687896677962,0.001700822347822291,593.0595017665302,1.350000716494248,-0.3613833558596866,8.898263514176396,28.16030228548973,4.649879493899789,5217.084846126719,-0.01567780214015759,0.1484615765855509,0.006822905026478976,0,0,1.0768253968253968e-06,8.119072214077393e-06
15,9.368387301587306,11,0.24206476190476778,SYSTOLE,1.3725180456728496,0.41175541370185487,0.4117515413447852,0.4091218487355331,0.0016470061653791408,0.0016364873949421324,586.0894299451081,1.3186346840114795,-0.33748506466960954,11.875797115667615,27.213247289771026,4.544573060168406,5057.355065695969,0.00638660052288697,0.14501220757653432,0.006650195483737242,0,0,1.0768253968253968e-06,8.119072214077393e-06
15,9.42019682539683,11,0.3042361904761961,SYSTOLE,1.330143907757184,0.3990431723271552,0.39907617846028853,0.3871043516087139,0.0015963047138411542,0.0015484174064348557,620.7283369326577,1.3007851822641645,-0.34470560369159653,12.385951142941234,27.006710102861238,4.6407258876506905,5004.418236741892,0.0299988510909475,0.14304927145487467,0.007045783408888839,0,0,1.0768253968253968e-06,8.119072214077393e-06
15,9.47139682539683,11,0.3656761904761954,DIASTOLE,1.271599485693911,0.3814798457081733,0.3813940470082423,0.37373944506832346,0.0015255761880329692,0.0014949577802732938,210.711761861522,1.1870967656695415,-0.4431746986188158,12.263317963308152,23.06107423752925,4.283455087767864,4363.720981510864,0.020070061397034402,0.13054678804065603,0.003300839244302578,0,0,1.0768253968253968e-06,8.119072214077393e-06
15,9.521987301587307,11,0.4263847619047674,DIASTOLE,1.2003566278490219,0.36010698835470656,0.36008655996602446,0.37831280969375264,0.0014403462398640979,0.0015132512387750106,49.054107533602924,1.1796255102747912,-0.45087951509088414,10.404198960070635,22.87396211360487,4.210740095370714,4334.176757813835,-0.05061630106229982,0.1297251630285906,0.00434251253254303,0,0,1.0768253968253968e-06,8.119072214077393e-06
15,9.573187301587307,11,0.4878247619047684,DIASTOLE,1.118279674975402,0.3354839024926206,0.33548527540192646,0.3642642784293462,0.001341941101607706,0.001457057113717385,523.5972211158487,1.1129908368278476,-0.34691189287505547,9.079760620033356,21.79459909241927,3.8798541087955707,4401.356311525914,-0.08578320760260258,0.12239724938059904,0.006201869956939499,0,0,1.0768253968253968e-06,8.119072214077393e-06
15,9.623777777777782,11,0.5485333333333369,DIASTOLE,1.031335081342743,0.3094005244028229,0.30937114533588367,0.3006848447895575,0.0012374845813435348,0.00120273937915823,532.9938130339007,1.0025633361405546,-0.3059516253132175,11.723731972922593,19.10425237920374,3.4104631212445353,3624.1818665266883,0.028077280888285486,0.11025337371436164,0.006091669243037501,0,0,1.0768253968253968e-06,8.119072214077393e-06
15,9.67436825396826,11,0.6092419047619106,DIASTOLE,0.9428556833524451,0.2828567050057335,0.28286659871397446,0.2746904448535585,0.0011314663948558978,0.0010987617794142339,213.37815044499067,0.9370065692181632,-0.26728954005536226,11.15961934661042,17.17146497768119,3.0012615523893853,3298.216969660284,0.028904628180167116,0.10304399904201036,0.00250602830762392,0,0,1.0768253968253968e-06,8.119072214077393e-06
15,9.726177777777783,11,0.671413333333339,DIASTOLE,0.8551806541341868,0.256554196240256,0.2565557794236567,0.25884683427640115,0.0010262231176946268,0.0010353873371056045,118.2734659335911,0.8601524190602472,-0.2251150583419498,11.542234867065632,15.136064302053136,2.562642332630611,2936.6758669582377,-0.008930045769739454,0.09459223441686508,0.0021708941891206424,0,0,1.0768253968253968e-06,8.119072214077393e-06
15,9.776768253968259,11,0.7321219047619092,DIASTOLE,0.7767137166050458,0.23301411498151375,0.23303124509476641,0.23470684697690825,0.0009321249803790657,0.000938827387907633,206.2908862539378,0.79260145537971,-0.12671063663586168,10.703423918375355,13.695686546386016,2.230891809690689,2668.181298903167,-0.00719046015250189,0.08716355497591713,0.0023648438541619132,0,0,1.0768253968253968e-06,8.119072214077393e-06
15,9.82979682539683,11,0.7957561904761956,DIASTOLE,0.7062648561677896,0.21187945685033685,0.21188172069090908,0.21528709541345364,0.0008475268827636363,0.0008611483816538146,186.86304497995553,0.722685452249217,-0.0924295123039476,10.546453448445012,12.078282660622,1.915491310915803,2371.100742626436,-0.016072055255357726,0.07947478864676419,0.0021562946468500765,0,0,1.0768253968253968e-06,8.119072214077393e-06
15,9.880996825396831,11,0.8571961904761984,DIASTOLE,0.6532036151625227,0.1959610845487568,0.1959539878014975,0.1934268998336712,0.00078381595120599,0.0007737075993346849,142.94922909317742,0.6656967527490597,-0.06416153479052836,9.933287550279605,10.772505549954776,1.6816063358652866,2130.6900276858073,0.012896333451433798,0.07320765702825323,0.0016309155433831268,0,0,1.0768253968253968e-06,8.119072214077393e-06
15,9.933415873015878,11,0.920099047619054,DIASTOLE,0.6169180888263406,0.18507542664790216,0.18507031648235248,0.18421718027775982,0.00074028126592941,0.0007368687211110393,115.27687892552446,0.6334375490043515,-0.04918784888306388,8.765819680172667,10.062402329604573,1.5605231200015144,2011.1126518479523,0.004609794919078853,0.06966006465380557,0.0013251751768514897,0,0,1.0768253968253968e-06,8.119072214077393e-06
15,9.984006349206355,11,0.980807619047626,DIASTOLE,0.6009826811992491,0.18029480435977474,0.18029423017034868,0.1802460214625956,0.0007211769206813948,0.0007209840858503824,116.54244231308411,0.6203185715763816,-0.03518342202594829,7.779848915922692,9.821063654133162,1.5128110314193446,1966.6556106447792,0.0002673890767748592,0.06821735129199014,0.0013301735973925144,0,0,1.0768253968253968e-06,8.119072214077393e-06
15,10.035206349206355,12,0.04224761904762708,SYSTOLE,0.7666876595164438,0.23000629785493312,0.2300018576384569,0.2298764308077265,0.0009200074305538276,0.000919505723230906,380.6007603052985,0.7651039776223664,-0.0007781329055520906,0.0,13.49235795318618,2.2159002968799157,2619.940829937977,0.0005453296421961261,0.08413961665491938,0.00436227652323895,0,0,1.0768253968253968e-06,8.119072214077393e-06
15,10.087625396825402,12,0.10515047619048268,SYSTOLE,1.283796166894819,0.38513885006844567,0.38514855517484536,0.39086994234133,0.0015405942206993815,0.00156347976936532,581.0726218660536,1.2387069862580902,-0.0844064301277508,4.262729324045914,25.71555468092532,3.7293684821296105,4791.571440562492,-0.014855013966980399,0.1362224403739388,0.00664949815854432,0,0,1.0768253968253968e-06,8.119072214077393e-06
15,10.138215873015879,12,0.16585904761905468,SYSTOLE,1.3982166568433085,0.41946499705299256,0.4194666536882437,0.42108408923018165,0.001677866614752975,0.0016843363569207265,579.8939025369676,1.346287402628771,-0.33813224741109765,10.811341116452468,28.12112387119234,4.524059581553685,5210.825633814009,-0.0038559335473185748,0.14805321796463303,0.006579776214234556,0,0,1.0768253968253968e-06,8.119072214077393e-06
15,10.188806349206354,12,0.2265676190476249,SYSTOLE,1.3801654876329281,0.41404964628987845,0.4140439680502113,0.410202845962619,0.0016561758722008454,0.0016408113838504762,555.0290871843063,1.326298836390893,-0.3711231546056392,11.640341410772098,27.41041172146309,4.561134228659524,5090.329148233062,0.009277087420644349,0.1458550457554609,0.0063238815659139025,0,0,1.0768253968253968e-06,8.119072214077393e-06
15,10.240006349206356,12,0.28800761904762595,SYSTOLE,1.3429447814884918,0.40288343444654756,0.40284477367148996,0.40426050835567934,0.0016113790946859598,0.0016170420334227175,429.8486088941872,1.2732898177639869,-0.31837218789429267,12.390856470126558,25.68802415349016,4.318451075299305,4803.677458497291,-0.003514342934839417,0.1400255655318948,0.005116052442083907,0,0,1.0768253968253968e-06,8.119072214077393e-06
15,10.293034920634927,12,0.35164190476191237,DIASTOLE,1.2862910241498589,0.3858873072449576,0.38589883962949056,0.36386432458327767,0.0015435953585179623,0.0014554572983331107,296.69925750081933,1.234779024542241,-0.44202316031988464,12.974590405180026,24.797323975699335,4.390542120713605,4649.908259786094,0.05709920005815175,0.13579047661126983,0.003826075091644343,0,0,1.0768253968253968e-06,8.119072214077393e-06
15,10.343625396825402,12,0.4123504761904826,DIASTOLE,1.2178346055153575,0.36535038165460726,0.36531890698791514,0.36965180109092804,0.0014612756279516607,0.0014786072043637122,124.65634704278663,1.1813033475652621,-0.4735986299810311,10.811341116452468,23.069423715844252,4.365582151014303,4353.438270319093,-0.011860579948456398,0.1299096772783639,0.004604225329080669,0,0,1.0768253968253968e-06,8.119072214077393e-06
15,10.395434920634926,12,0.4745219047619109,DIASTOLE,1.1367016923020838,0.34101050769062513,0.3410061868524267,0.36266174630102577,0.0013640247474097067,0.001450646985204103,364.8837515833898,1.1307490922037242,-0.34756163644487725,10.360051015402727,22.176524847349054,3.9082784887037456,4170.719272006972,-0.06350488725288361,0.12435015100376104,0.004292998498109157,0,0,1.0768253968253968e-06,8.119072214077393e-06
15,10.44724444444445,12,0.536693333333341,DIASTOLE,1.04854791011787,0.314564373035361,0.31461632464162737,0.3183721572455581,0.0012584652985665095,0.0012734886289822325,385.14018692858065,1.056193022206528,-0.33487174203058556,10.62003335622486,20.406678128831928,3.5460796849218115,3865.567732513316,-0.011937818573810238,0.11615110965469402,0.004482855477733194,0,0,1.0768253968253968e-06,8.119072214077393e-06
