x_mm,mean_axial_velocity_m_s,mean_pressure_pa,lower_wss_estimate_pa,upper_wss_estimate_pa
0.000000000000000000e+00,3.960822206816704827e-01,2.569191536113500206e+03,2.052797263701610753e+00,2.052797263701600095e+00
1.000000000000000056e-01,3.961555386890370789e-01,2.569117556913645330e+03,2.053694512353998913e+00,2.053707468179906126e+00
2.000000000000000111e-01,3.962288189223091006e-01,2.569046208750062760e+03,2.052959919407735701e+00,2.052992343348661208e+00
3.000000000000000444e-01,3.963020191577398821e-01,2.568987475910455942e+03,2.051769214194773205e+00,2.051824898099721128e+00
4.000000000000000222e-01,3.963751189871639324e-01,2.568953693309344999e+03,2.050554431697598101e+00,2.050639779677125407e+00
5.000000000000000000e-01,3.964480972563149130e-01,2.568937906940923767e+03,2.050185983278253410e+00,2.050305578594936673e+00
6.000000000000000888e-01,3.965209320611719490e-01,2.568940929158299241e+03,2.049591754752379646e+00,2.049750611280709123e+00
6.999999999999999556e-01,3.965936023885170969e-01,2.568966138645430419e+03,2.049310931522955848e+00,2.049514139888981568e+00
8.000000000000000444e-01,3.966660872086859579e-01,2.569011893486298504e+03,2.049330693306322448e+00,2.049582944301937104e+00
9.000000000000001332e-01,3.967383653960456780e-01,2.569079458788535248e+03,2.049445393790115588e+00,2.049751477033408875e+00
1.000000000000000000e+00,3.968104161064233137e-01,2.569169243616424865e+03,2.049776332188525174e+00,2.050141009296805539e+00
1.100000000000000089e+00,3.968822185478650399e-01,2.569281104916080039e+03,2.050253633580083612e+00,2.050681593883122655e+00
1.200000000000000178e+00,3.969537520250420171e-01,2.569415313647385119e+03,2.050849399172188114e+00,2.051345354641784802e+00
1.300000000000000266e+00,3.970249959794015515e-01,2.569571758874170882e+03,2.051564854713950226e+00,2.052133509707890546e+00
1.399999999999999911e+00,3.970959299589457148e-01,2.569750357122104106e+03,2.052372604709121973e+00,2.053018672268541067e+00
1.500000000000000000e+00,3.971665336523715895e-01,2.569951056158947267e+03,2.053266885719564616e+00,2.053995110538607616e+00
1.600000000000000089e+00,3.972367869001146023e-01,2.570173756361373762e+03,2.054238810508148827e+00,2.055053972846694776e+00
1.700000000000000178e+00,3.973066696982069379e-01,2.570418394663972322e+03,2.055276202603350644e+00,2.056183136017401214e+00
1.800000000000000266e+00,3.973761622102535696e-01,2.570684908952862315e+03,2.056369278823981794e+00,2.057372883560544263e+00
1.899999999999999911e+00,3.974452447730351667e-01,2.570973233295167120e+03,2.057505800026164344e+00,2.058611054131295415e+00
2.000000000000000000e+00,3.975138979021239916e-01,2.571283304305301044e+03,2.058673590366562944e+00,2.059885561988427760e+00
2.100000000000000089e+00,3.975821022982679032e-01,2.571615054423448782e+03,2.059861555825673207e+00,2.061185413072924799e+00
2.200000000000000178e+00,3.976498388529706163e-01,2.571968416225036890e+03,2.061059812080725528e+00,2.062500832795425065e+00
2.299999999999999822e+00,3.977170886545428052e-01,2.572343326660437924e+03,2.062260528583442110e+00,2.063824110580290139e+00
2.400000000000000355e+00,3.977838329944039519e-01,2.572739729499666282e+03,2.063457877396982720e+00,2.065149549359065251e+00
2.500000000000000000e+00,3.978500533732412525e-01,2.573157577530115759e+03,2.064647670511488453e+00,2.066473104151957951e+00
2.600000000000000533e+00,3.979157315070505629e-01,2.573596832526684011e+03,2.065826927169979399e+00,2.067791950386039801e+00
2.700000000000000178e+00,3.979808493326179031e-01,2.574057463504565476e+03,2.066993329904758259e+00,2.069103940568213673e+00
2.799999999999999822e+00,3.980453890123606953e-01,2.574539444535721032e+03,2.068144800529837735e+00,2.070407180478063491e+00
2.900000000000000355e+00,3.981093329386091173e-01,2.575042752800484777e+03,2.069279270899002654e+00,2.071699799727560354e+00
3.000000000000000000e+00,3.981726637375759270e-01,2.575567367168379860e+03,2.070394595546809935e+00,2.072979864039099063e+00
3.100000000000000533e+00,3.982353642731948362e-01,2.576113267244618328e+03,2.071488580847302696e+00,2.074245404079966271e+00
3.200000000000000178e+00,3.982974176510518660e-01,2.576680432470350752e+03,2.072559102606227555e+00,2.075494532968666928e+00
3.299999999999999822e+00,3.983588072222462584e-01,2.577268840590958916e+03,2.073604221541872850e+00,2.076725561970515610e+00
3.400000000000000355e+00,3.984195165871241562e-01,2.577878465359145594e+03,2.074622232869264504e+00,2.077937050623340998e+00
3.500000000000000000e+00,3.984795295987887398e-01,2.578509274087034555e+03,2.075611686370672615e+00,2.079127827548517882e+00
3.600000000000000533e+00,3.985388303664255116e-01,2.579161225519635082e+03,2.076571385157280680e+00,2.080296989956476938e+00
3.700000000000000178e+00,3.985974032584623239e-01,2.579834268515117401e+03,2.077500337763779736e+00,2.081443856424984862e+00
3.799999999999999822e+00,3.986552329058121735e-01,2.580528342126881398e+03,2.078397715352806596e+00,2.082567924668142556e+00
3.900000000000000355e+00,3.987123042051988753e-01,2.581243377073038118e+03,2.079262849595509888e+00,2.083668869908283927e+00
4.000000000000000000e+00,3.987686023226426624e-01,2.581979298200802077e+03,2.080095237857501278e+00,2.084746550512472929e+00
4.100000000000000533e+00,3.988241126969964134e-01,2.582736027617332638e+03,2.080894551109576440e+00,2.085801016423980858e+00
4.200000000000000178e+00,3.988788210436042259e-01,2.583513487970321421e+03,2.081660653766627789e+00,2.086832529656236890e+00
4.299999999999999822e+00,3.989327133579453899e-01,2.584311605206344666e+03,2.082393611268275269e+00,2.087841572604902662e+00
4.400000000000000355e+00,3.989857759193580211e-01,2.585130310266689321e+03,2.083093673659814460e+00,2.088828832451298467e+00
4.500000000000000888e+00,3.990379952947481490e-01,2.585969539309604443e+03,2.083761245257312655e+00,2.089795171666765317e+00
4.599999999999999645e+00,3.990893583422915891e-01,2.586829232273826165e+03,2.084396843256862031e+00,2.090741587449024941e+00
4.700000000000000178e+00,3.991398522149524064e-01,2.587709330015767591e+03,2.085001048120267431e+00,2.091669162896528267e+00
4.800000000000000711e+00,3.991894643638521645e-01,2.588609770629388095e+03,2.085574455006447891e+00,2.092579019215829117e+00
4.899999999999999467e+00,3.992381825413911511e-01,2.589530485746829982e+03,2.086117631259414296e+00,2.093472273973945530e+00
5.000000000000000000e+00,3.992859948042837281e-01,2.590471397584931310e+03,2.086631081235122309e+00,2.094350006724274404e+00
5.100000000000000533e+00,3.993328895165623171e-01,2.591432417228015311e+03,2.087115219625342188e+00,2.095213233199715308e+00
5.200000000000001066e+00,3.993788553527672369e-01,2.592413444230488039e+03,2.087570352725995892e+00,2.096062887510548478e+00
5.299999999999999822e+00,3.994238813013323841e-01,2.593414367248330109e+03,2.087996665494773030e+00,2.096899810251367402e+00
5.400000000000000355e+00,3.994679566682450278e-01,2.594435065189127272e+03,2.088394212706417896e+00,2.097724740775948948e+00
5.500000000000000888e+00,3.995110710808587040e-01,2.595475408349296231e+03,2.088762912685179440e+00,2.098538312164075048e+00
5.599999999999999645e+00,3.995532144918291784e-01,2.596535259153776678e+03,2.089102542646711136e+00,2.099341047840014962e+00
5.700000000000000178e+00,3.995943771830106628e-01,2.597614472341279452e+03,2.089412735346969807e+00,2.100133359583974624e+00
5.800000000000000711e+00,3.996345497693405968e-01,2.598712894651305760e+03,2.089692977521317996e+00,2.100915547345965972e+00
5.899999999999999467e+00,3.996737232025893150e-01,2.599830364211627966e+03,2.089942610688038549e+00,2.101687801491887608e+00
6.000000000000000000e+00,3.997118887750841232e-01,2.600966709874644039e+03,2.090160834925375077e+00,2.102450208043580737e+00
6.100000000000000533e+00,3.997490381233023693e-01,2.602121750724977574e+03,2.090346715857517079e+00,2.103202757178086024e+00
6.200000000000001066e+00,3.997851632314718406e-01,2.603295295907168565e+03,2.090499194795808258e+00,2.103945354941677781e+00
6.299999999999999822e+00,3.998202564350519239e-01,2.604487144830018224e+03,2.090617101697981095e+00,2.104677837822110043e+00
6.400000000000000355e+00,3.998543104242352486e-01,2.605697087717748218e+03,2.090699170423512498e+00,2.105399989692475771e+00
6.500000000000000888e+00,3.998873182472940657e-01,2.606924906409128198e+03,2.090744055557034020e+00,2.106111560377171621e+00
6.599999999999999645e+00,3.999192733138973166e-01,2.608170375268223779e+03,2.090750349968022448e+00,2.106812285032682031e+00
6.700000000000000178e+00,3.999501693982209227e-01,2.609433262060886591e+03,2.090716602075315400e+00,2.107501903311326696e+00
6.800000000000000711e+00,3.999800006419448328e-01,2.610713328672421540e+03,2.090641331773441358e+00,2.108180177281416157e+00
6.900000000000000355e+00,4.000087615569546395e-01,2.612010331582986510e+03,2.090523043969263917e+00,2.108846907069370058e+00
7.000000000000000000e+00,4.000364470278571782e-01,2.613324022067768055e+03,2.090360239006947563e+00,2.109501943489551223e+00
7.100000000000000533e+00,4.000630523141220918e-01,2.614654146139731438e+03,2.090151419558184731e+00,2.110145197251361182e+00
7.200000000000001066e+00,4.000885730519659345e-01,2.616000444291304575e+03,2.089895094165156397e+00,2.110776644924280188e+00
7.299999999999999822e+00,4.001130052558414252e-01,2.617362651114074652e+03,2.089589778008262400e+00,2.111396332207309268e+00
7.400000000000000355e+00,4.001363453196161712e-01,2.618740494879315975e+03,2.089233991869134499e+00,2.112004375505203591e+00
7.500000000000000888e+00,4.001585900173494359e-01,2.620133697153344656e+03,2.088826260331568818e+00,2.112600962815675665e+00
7.599999999999999645e+00,4.001797365037306209e-01,2.621541972507155606e+03,2.088365110166694905e+00,2.113186354927413024e+00
7.700000000000000178e+00,4.001997823141046906e-01,2.622965028365570106e+03,2.087849069552998760e+00,2.113760887544770206e+00
7.800000000000000711e+00,4.002187253641311671e-01,2.624402565032710299e+03,2.087276668409590474e+00,2.114324974708778448e+00
7.900000000000000355e+00,4.002365639489808835e-01,2.625854275922687975e+03,2.086646439789772156e+00,2.114879113376427977e+00
8.000000000000000000e+00,4.002532967421307819e-01,2.627319848010048645e+03,2.085956921944676079e+00,2.115423888895473503e+00
8.099999999999999645e+00,4.002689227936563343e-01,2.628798962487145673e+03,2.085206660564823178e+00,2.115959980785590666e+00
8.200000000000001066e+00,4.002834415281005254e-01,2.630291295575751974e+03,2.084394210578470741e+00,2.116488168285817650e+00
8.300000000000000711e+00,4.002968527417989364e-01,2.631796519396851636e+03,2.083518136984253033e+00,2.117009335087528310e+00
8.400000000000000355e+00,4.003091565997775048e-01,2.633314302771518214e+03,2.082577014314872965e+00,2.117524472880460973e+00
8.500000000000000000e+00,4.003203536320684153e-01,2.634844311824959277e+03,2.081569424535631985e+00,2.118034683468016599e+00
8.599999999999999645e+00,4.003304447295711332e-01,2.636386210298980131e+03,2.080493953395006645e+00,2.118541179498778959e+00
8.700000000000001066e+00,4.003394311392838856e-01,2.637939659543512789e+03,2.079349185444686832e+00,2.119045283998203022e+00
8.800000000000000711e+00,4.003473144590262156e-01,2.639504318235859500e+03,2.078133698097206050e+00,2.119548429103780052e+00
8.900000000000000355e+00,4.003540966315307648e-01,2.641079841945874705e+03,2.076846055150149972e+00,2.120052154437473746e+00
9.000000000000001776e+00,4.003597799380009259e-01,2.642665882702574436e+03,2.075484800201416569e+00,2.120558105564384288e+00
9.099999999999999645e+00,4.003643669910621483e-01,2.644262088717206552e+03,2.074048450291826828e+00,2.121068032918527635e+00
9.199999999999999289e+00,4.003678607272307954e-01,2.645868104372754260e+03,2.072535490007799019e+00,2.121583791431049804e+00
9.300000000000000711e+00,4.003702643988260590e-01,2.647483570517509179e+03,2.070944366094322753e+00,2.122107340945801113e+00
9.400000000000000355e+00,4.003715815654637633e-01,2.649108125019042291e+03,2.069273482541044373e+00,2.122640747395004190e+00
9.500000000000000000e+00,4.003718160850426311e-01,2.650741403466243810e+03,2.067521195965113190e+00,2.123186184543607524e+00
9.600000000000001421e+00,4.003709721043570147e-01,2.652383039873251619e+03,2.065685811103132430e+00,2.123745936137069634e+00
9.700000000000001066e+00,4.003690540492092498e-01,2.654032667244220647e+03,2.063765576193870910e+00,2.124322398205690909e+00
9.799999999999998934e+00,4.003660666141769520e-01,2.655689917905413040e+03,2.061758678161935698e+00,2.124918081455512198e+00
9.900000000000000355e+00,4.003620147518763273e-01,2.657354423581517949e+03,2.059663237516995871e+00,2.125535613649828903e+00
1.000000000000000000e+01,4.003569036618833121e-01,2.659025815267733833e+03,2.057477303075523789e+00,2.126177742118412706e+00
1.010000000000000142e+01,4.003507387791935268e-01,2.660703723003311097e+03,2.055198846613069730e+00,2.126847336500412577e+00
1.020000000000000107e+01,4.003435257623934040e-01,2.662387775671356394e+03,2.052825757645355687e+00,2.127547391969116131e+00
1.030000000000000071e+01,4.003352704814404639e-01,2.664077600933290341e+03,2.050355838470501624e+00,2.128281033070355655e+00
1.040000000000000213e+01,4.003259790052597356e-01,2.665772825356692010e+03,2.047786799592648865e+00,2.129051518348187511e+00
1.050000000000000000e+01,4.003156575890423063e-01,2.667473074737429670e+03,2.045116255482725798e+00,2.129862245715726576e+00
1.059999999999999964e+01,4.003043126614551639e-01,2.669177974564069700e+03,2.042341720628045199e+00,2.130716758552090528e+00
1.070000000000000107e+01,4.002919508116257186e-01,2.670887150541062510e+03,2.039460605608114818e+00,2.131618752283777951e+00
1.080000000000000071e+01,4.002785787761025671e-01,2.672600229083010163e+03,2.036470213045321387e+00,2.132572081290862176e+00
1.090000000000000036e+01,4.002642034256423398e-01,2.674316837710615800e+03,2.033367733125599486e+00,2.133580765873333007e+00
1.100000000000000178e+01,4.002488317520195293e-01,2.676036605309369861e+03,2.030150238589074618e+00,2.134648999124011848e+00
1.109999999999999964e+01,4.002324708547129184e-01,2.677759162246863070e+03,2.026814679012047815e+00,2.135781153620313955e+00
1.119999999999999929e+01,4.002151279276772722e-01,2.679484140370040222e+03,2.023357874483021401e+00,2.136981787967779489e+00
1.130000000000000071e+01,4.001968102460756738e-01,2.681211172919975979e+03,2.019776508702659346e+00,2.138255653294183656e+00
1.140000000000000036e+01,4.001775251531679567e-01,2.682939894408465079e+03,2.016067121771807358e+00,2.139607699969786836e+00
1.150000000000000000e+01,4.001572800472487645e-01,2.684669940498883079e+03,2.012226102848246434e+00,2.141043084775567706e+00
1.160000000000000142e+01,4.001360823688256407e-01,2.686400947929109861e+03,2.008249682972917061e+00,2.142567178857296195e+00
1.170000000000000107e+01,4.001139395879393379e-01,2.688132554507699297e+03,2.004133928224633099e+00,2.144185576673979465e+00
1.179999999999999893e+01,4.000908591917869406e-01,2.689864399203474477e+03,1.999874733371699520e+00,2.145904106174024495e+00
1.190000000000000036e+01,4.000668486725714179e-01,2.691596122338573878e+03,1.995467816023906993e+00,2.147728840209621293e+00
1.200000000000000000e+01,4.000419155157336482e-01,2.693327365875223222e+03,1.990908711239732787e+00,2.149666109223583366e+00
1.210000000000000142e+01,4.000160671884770425e-01,2.695057773770085987e+03,1.986192766400149745e+00,2.151722515001289082e+00
1.220000000000000107e+01,3.999893111287434744e-01,2.696786992352676862e+03,1.981315136158530832e+00,2.153904945375094915e+00
1.230000000000000071e+01,3.999616547345498097e-01,2.698514670674218905e+03,1.976270777223813058e+00,2.156220589574162627e+00
1.240000000000000213e+01,3.999331053538365266e-01,2.700240460775318752e+03,1.971054442796608352e+00,2.158676954143347260e+00
1.250000000000000000e+01,3.999036702747392202e-01,2.701964017834256538e+03,1.965660676549618291e+00,2.161281879257631378e+00
1.259999999999999964e+01,3.998733567164109992e-01,2.703685000183307693e+03,1.960083806145031415e+00,2.164043555523652795e+00
1.270000000000000107e+01,3.998421718203318265e-01,2.705403069209458863e+03,1.954317936383899390e+00,2.166970541357685409e+00
1.280000000000000071e+01,3.998101226422062782e-01,2.707117889183733951e+03,1.948356942167611461e+00,2.170071781220120677e+00
1.290000000000000036e+01,3.997772161444129724e-01,2.708829127078876809e+03,1.942194461473699674e+00,2.173356624960271155e+00
1.300000000000000178e+01,3.997434591890988154e-01,2.710536452436773743e+03,1.935823888566675199e+00,2.176834848582456683e+00
1.310000000000000142e+01,3.997088585318978593e-01,2.712239537330578059e+03,1.929238367589547698e+00,2.180516676678712962e+00
1.319999999999999929e+01,3.996734208163577051e-01,2.713938056439641514e+03,1.922430786616559306e+00,2.184412806677804575e+00
1.330000000000000071e+01,3.996371525690586846e-01,2.715631687221930406e+03,1.915393772192940602e+00,2.188534435005459855e+00
1.340000000000000036e+01,3.996000601954929898e-01,2.717320110142812609e+03,1.908119684281743611e+00,2.192893285167819339e+00
1.350000000000000000e+01,3.995621499766963125e-01,2.719003008901610883e+03,1.900600611577449639e+00,2.197501637727468538e+00
1.360000000000000142e+01,3.995234280666712934e-01,2.720680070599938517e+03,1.892828367082769248e+00,2.202372362166471920e+00
1.370000000000000107e+01,3.994839004905827440e-01,2.722350985811670398e+03,1.884794483967518364e+00,2.207518950679531855e+00
1.380000000000000071e+01,3.994435731437776527e-01,2.724015448539880708e+03,1.876490211712651179e+00,2.212955554010745729e+00
1.390000000000000036e+01,3.994024517915896189e-01,2.725673156075678889e+03,1.867906512666194230e+00,2.218697019529162429e+00
1.400000000000000000e+01,3.993605420699816166e-01,2.727323808794168144e+03,1.859034059129132332e+00,2.224758931822997887e+00
1.410000000000000142e+01,3.993178494869983330e-01,2.728967109933101710e+03,1.849863231160599586e+00,2.231157656095831054e+00
1.420000000000000107e+01,3.992743794250853129e-01,2.730602765396815812e+03,1.840384115232226447e+00,2.237910384727947122e+00
1.430000000000000071e+01,3.992301371442374958e-01,2.732230483610492229e+03,1.830586503882975835e+00,2.245035187255018716e+00
1.440000000000000213e+01,3.991851277860279934e-01,2.733849975429970527e+03,1.820459896462958804e+00,2.252551064074441278e+00
1.450000000000000000e+01,3.991393563784919052e-01,2.735460954089548068e+03,1.809993501019770967e+00,2.260478004091113657e+00
1.459999999999999964e+01,3.990928278418635622e-01,2.737063135155562577e+03,1.799176237383775412e+00,2.268837046528158652e+00
1.470000000000000107e+01,3.990455469951871281e-01,2.738656236447283391e+03,1.787996741476436169e+00,2.277650347120251162e+00
1.480000000000000071e+01,3.989975185637356647e-01,2.740239977890925729e+03,1.776443370905019803e+00,2.286941248954557526e+00
1.490000000000000036e+01,3.989487471872665836e-01,2.741814081283741416e+03,1.764504211933274114e+00,2.296734358288694988e+00
1.500000000000000178e+01,3.988992374290479814e-01,2.743378269960967828e+03,1.752167087957193115e+00,2.307055625677359334e+00
1.510000000000000142e+01,3.988489937856672940e-01,2.744932268372251201e+03,1.739419569671351695e+00,2.317932433068504938e+00
1.519999999999999929e+01,3.987980206975605957e-01,2.746475801584819692e+03,1.726248987158248704e+00,2.329393687336624108e+00
1.530000000000000071e+01,3.987463225602589922e-01,2.748008594736063515e+03,1.712642444129109931e+00,2.341469920703469043e+00
1.540000000000000036e+01,3.986939037363032012e-01,2.749530372456059013e+03,1.698586834633735831e+00,2.354193399457981339e+00
1.550000000000000000e+01,3.986407685677948454e-01,2.751040858273160666e+03,1.684068862460605720e+00,2.367598241379389457e+00
1.560000000000000142e+01,3.985869213895393837e-01,2.752539774012701855e+03,1.669075063539819936e+00,2.381720541600769625e+00
1.570000000000000284e+01,3.985323665427410456e-01,2.754026839185960853e+03,1.653591831535177414e+00,2.396598510370363755e+00
1.580000000000000071e+01,3.984771083892006960e-01,2.755501770351193500e+03,1.637605446874008219e+00,2.412272622436585578e+00
1.590000000000000036e+01,3.984211513259419690e-01,2.756964280444936776e+03,1.621102109327921204e+00,2.428785775281791626e+00
1.600000000000000000e+01,3.983644998002351945e-01,2.758414078058062842e+03,1.604067974347674674e+00,2.446183464669827945e+00
1.610000000000000142e+01,3.983071583249248038e-01,2.759850866617284282e+03,1.586489193222547556e+00,2.464513975828170889e+00
1.619999999999999929e+01,3.982491314940296845e-01,2.761274343485693862e+03,1.568351957240150085e+00,2.483828582180369615e+00
1.630000000000000071e+01,3.981904239985195604e-01,2.762684198952089446e+03,1.549642545914102110e+00,2.504181769569930882e+00
1.640000000000000213e+01,3.981310406422096104e-01,2.764080115055172882e+03,1.530347379484433556e+00,2.525631481768141118e+00
1.650000000000000000e+01,3.980709863577098218e-01,2.765461764311055049e+03,1.510453075769248699e+00,2.548239371893854965e+00
1.660000000000000142e+01,3.980102662223535259e-01,2.766828808304894665e+03,1.489946511605889645e+00,2.572071091243187446e+00
1.669999999999999929e+01,3.979488854740232395e-01,2.768180896091059367e+03,1.468814888806712293e+00,2.597196605330657437e+00
1.680000000000000071e+01,3.978868495268462202e-01,2.769517662538029072e+03,1.447045804813748004e+00,2.623690518135757710e+00
1.690000000000000213e+01,3.978241639866466062e-01,2.770838726533992940e+03,1.424627327776989638e+00,2.651632449213551457e+00
1.700000000000000000e+01,3.977608346661090089e-01,2.772143689010968501e+03,1.401548076194730097e+00,2.681107440994277891e+00
1.710000000000000142e+01,3.976968675996248037e-01,2.773432130944670917e+03,1.377797302058084039e+00,2.712206388017524894e+00
1.719999999999999929e+01,3.976322690577051011e-01,2.774703611155369799e+03,1.353364977286271920e+00,2.745026532210178338e+00
1.730000000000000071e+01,3.975670455609666698e-01,2.775957663922036318e+03,1.328241881537155278e+00,2.779671991407872245e+00
1.740000000000000213e+01,3.975012038936014958e-01,2.777193796495640527e+03,1.302419691805098534e+00,2.816254337956827669e+00
1.750000000000000000e+01,3.974347511163091040e-01,2.778411486271806098e+03,1.275891070015253037e+00,2.854893251360762552e+00
1.760000000000000142e+01,3.973676945786547288e-01,2.779610177764502623e+03,1.248649747702518686e+00,2.895717211694958770e+00
1.769999999999999929e+01,3.973000419308069797e-01,2.780789279288033867e+03,1.220690599586194525e+00,2.938864287938899533e+00
1.780000000000000071e+01,3.972318011346666622e-01,2.781948159220782145e+03,1.192009707910811622e+00,2.984482994376350895e+00
1.789999999999999858e+01,3.971629804743495029e-01,2.783086142020218176e+03,1.162604411039992902e+00,3.032733233701318643e+00
1.800000000000000355e+01,3.970935885660249465e-01,2.784202503736567905e+03,1.132473336112581164e+00,3.083787352998530462e+00
1.810000000000000142e+01,3.970236343671473267e-01,2.785296467158382711e+03,1.101616381143017964e+00,3.137831291151222057e+00
1.819999999999999929e+01,3.969531271851399201e-01,2.786367196567836345e+03,1.070034640639077717e+00,3.195065873035638493e+00
1.830000000000000071e+01,3.968820766855710169e-01,2.787413791753056103e+03,1.037730267607023471e+00,3.255708241017067905e+00
1.839999999999999858e+01,3.968104928997201464e-01,2.788435281698488780e+03,1.004706343092670151e+00,3.319993392347188266e+00
1.850000000000000355e+01,3.967383862316583576e-01,2.789430617370048822e+03,9.709666068057374311e-01,3.388175998841735481e+00
1.860000000000000142e+01,3.966657674653755739e-01,2.790398663956994824e+03,9.365149560733447842e-01,3.460532300586907528e+00
1.870000000000000284e+01,3.965926477721394283e-01,2.791338192169249851e+03,9.013545828644036195e-01,3.537362284867313633e+00
1.880000000000000071e+01,3.965190387171567687e-01,2.792247868264179942e+03,8.654870623588329925e-01,3.618992138086796206e+00
1.889999999999999858e+01,3.964449522649615698e-01,2.793126243277363756e+03,8.289118279916590781e-01,3.705776881419467372e+00
1.900000000000000000e+01,3.963704007862954848e-01,2.793971741217669205e+03,7.916250075823764165e-01,3.798103360397455219e+00
1.910000000000000142e+01,3.962953970693481320e-01,2.794782645668104578e+03,7.536173058522801504e-01,3.896393679835250978e+00
1.920000000000000284e+01,3.962199543319609996e-01,2.795557079407715719e+03,7.148681778135171916e-01,4.001108769253399977e+00
1.930000000000000071e+01,3.961440862247362915e-01,2.796292994986635676e+03,6.753397851325757539e-01,4.112752620718656438e+00
1.940000000000000213e+01,3.960678068306809907e-01,2.796988157005253470e+03,6.349911324881253316e-01,4.231877011788645504e+00
1.950000000000000000e+01,3.959911306838882483e-01,2.797640120770737667e+03,5.937752092042037910e-01,4.359086370509102970e+00
1.959999999999999787e+01,3.959140728205818305e-01,2.798246196003058230e+03,5.516103365210613951e-01,4.495043885232474778e+00
1.970000000000000284e+01,3.958366488014084528e-01,2.798803336978875905e+03,5.083294730858958221e-01,4.640477614458449196e+00
1.980000000000000071e+01,3.957588746813370251e-01,2.799308323153219135e+03,4.636386208384499219e-01,4.796188016930200249e+00
1.990000000000000213e+01,3.956807669365552393e-01,2.799757610145981289e+03,4.171471429813309872e-01,4.963055024281938898e+00
2.000000000000000000e+01,3.956023425911862623e-01,2.800147593874724407e+03,3.686080963607866190e-01,5.142048601026496968e+00
2.010000000000000142e+01,3.955236194726951537e-01,2.800473967398942932e+03,3.184586028818033876e-01,5.334236299165004525e+00
2.020000000000000284e+01,3.954446163089122002e-01,2.800730335091670895e+03,2.665693720596745142e-01,5.540795958410475563e+00
2.030000000000000071e+01,3.953653522820550492e-01,2.800911219624748355e+03,2.118164805212303936e-01,5.763028283319444611e+00
2.040000000000000213e+01,3.952858470842537386e-01,2.801005218784620411e+03,1.451102910245812005e-01,6.002365711506330470e+00
2.050000000000000000e+01,3.952061220028917354e-01,2.801042138120599247e+03,5.600623295541230090e-02,6.260397198664337637e+00
2.060000000000000142e+01,4.052586547125572314e-01,2.800369670886585936e+03,5.090433492452185460e-01,6.538869118371051670e+00
2.069999999999999929e+01,4.051785341359147030e-01,2.800193978310984221e+03,3.881755249682569686e-01,6.839722621079951104e+00
2.080000000000000426e+01,4.050982640702814330e-01,2.799918980895470668e+03,3.312965912629688980e-01,7.165093231924555717e+00
2.090000000000000213e+01,4.050178725935024704e-01,2.799520154598518275e+03,2.711298666308593619e-01,7.517351159880670153e+00
2.100000000000000000e+01,4.049373908325964999e-01,2.798991313724155134e+03,2.099047383310415904e-01,7.899106626488577199e+00
2.110000000000000142e+01,4.048568538303138897e-01,2.798309950309836040e+03,1.418306559992494609e-01,8.313260560255269382e+00
2.119999999999999929e+01,4.047762994600684339e-01,2.797505569123318764e+03,5.498106840000140799e-02,8.762988527305980213e+00
2.130000000000000071e+01,4.153467255486463228e-01,2.795605716975744599e+03,3.691618099131594444e-01,9.251853523541337054e+00
2.140000000000000213e+01,4.152662846380550943e-01,2.794376913334267101e+03,2.334694175615981693e-01,9.783688210951085651e+00
2.150000000000000000e+01,4.151859726046827070e-01,2.792923289570189809e+03,1.579839083930681121e-01,1.036287375357743201e+01
2.160000000000000142e+01,4.151058486347308785e-01,2.791260076018636937e+03,6.155059418232540491e-02,1.099405189276991734e+01
2.169999999999999929e+01,4.262440102232766814e-01,2.788085431760959636e+03,3.858014296062907134e-01,1.168248859459732891e+01
2.180000000000000071e+01,4.261645541387801828e-01,2.785738706630225352e+03,2.409600613539065461e-01,1.243387197803069810e+01
2.189999999999999858e+01,4.260855476519148644e-01,2.783010258285925829e+03,1.729700201062663034e-01,1.325457978131484182e+01
2.200000000000000355e+01,4.260071007886813144e-01,2.779911134253984528e+03,7.407671204219272443e-02,1.415124562438491829e+01
2.210000000000000142e+01,4.377618660205241929e-01,2.774609932981588372e+03,3.067185564620918403e-01,1.513176766302403387e+01
2.219999999999999929e+01,4.376851262660866326e-01,2.770351788814209613e+03,9.395375044137696530e-02,1.620402714120189458e+01
2.230000000000000071e+01,4.376094579645972704e-01,2.765470473951382701e+03,8.195121686437489839e-03,1.737714469392833649e+01
2.239999999999999858e+01,4.500372708222540319e-01,2.757542625703612430e+03,2.101900993014713115e-02,1.866060901303198705e+01
2.250000000000000355e+01,4.632002294405969112e-01,2.748216533358649485e+03,1.581630126629311739e-02,2.006541331351463242e+01
2.260000000000000142e+01,4.920782460488350996e-01,2.733947924789320950e+03,6.528714803900551589e-01,2.160206439161947500e+01
2.270000000000000284e+01,5.078841046447329921e-01,2.720379487649360271e+03,7.202026352590275016e-01,2.328324649278990677e+01
2.280000000000000071e+01,5.247497768784035177e-01,2.704344257967255999e+03,6.808372783262253147e-01,2.512185410396675778e+01
2.289999999999999858e+01,5.427854993042715570e-01,2.685311637029249596e+03,3.600687849598747658e-01,2.713105466284498135e+01
2.300000000000000000e+01,5.829383463346813343e-01,2.656726307594625723e+03,1.650026685411114524e+00,2.932643126518586385e+01
2.310000000000000142e+01,6.053146819882697649e-01,2.628744996684240050e+03,8.648571936610576216e-01,3.171765516822560116e+01
2.320000000000000284e+01,6.557234329203917023e-01,2.587310312343819533e+03,3.168000681671842678e+00,3.433506810774759543e+01
2.330000000000000071e+01,6.842129709841276997e-01,2.546108317789661669e+03,1.671609373600451809e+00,3.716156657974943300e+01
2.340000000000000213e+01,7.493729067493807294e-01,2.487072263775416104e+03,4.440866330926618311e+00,4.026012561815691981e+01
2.350000000000000000e+01,7.868609003997091289e-01,2.428495423637742533e+03,2.213454824295644219e+00,4.358945775658923338e+01
2.359999999999999787e+01,8.743361137722427401e-01,2.347643230199586469e+03,7.853723466963678845e+00,4.719652829135356598e+01
2.370000000000000284e+01,9.258571679660237974e-01,2.267938864553866097e+03,6.427455366811177129e+00,5.109283284176503059e+01
2.380000000000000071e+01,9.838660539203393229e-01,2.166386659253780635e+03,3.418789487847887720e+00,5.520650467622438384e+01
2.390000000000000213e+01,1.124623283602524282e+00,2.004618732925910763e+03,3.412604396592913503e+01,5.965712973828829746e+01
2.400000000000000000e+01,1.211445600287573088e+00,1.852844651602191789e+03,3.861919960007083574e+01,6.427265055217753797e+01
2.410000000000000142e+01,1.312843996730666651e+00,1.663856092830127409e+03,4.343401852285430920e+01,6.903596968982590454e+01
2.420000000000000284e+01,1.432850035011356438e+00,1.430091996371544838e+03,5.048705151230256405e+01,7.407473090634567825e+01
2.430000000000000071e+01,1.577132066993131687e+00,1.099514754321412283e+03,5.536173802665746280e+01,7.886601450606532637e+01
2.440000000000000213e+01,1.753451095857784248e+00,7.260972205227957375e+02,7.109417540993786133e+01,8.369594259009969051e+01
2.450000000000000000e+01,1.754717985551065729e+00,3.061248417398897459e+02,2.443806480247171820e+01,8.807739116386282774e+01
2.460000000000000142e+01,1.976344556150413601e+00,-2.114045060460058778e+02,5.330561770442893277e+01,9.195889994143909973e+01
2.469999999999999929e+01,2.261165205582984061e+00,-7.911470416452879135e+02,1.069836918505311019e+02,9.526106707226705339e+01
2.480000000000000426e+01,2.262808114592478770e+00,-1.266622479088462342e+03,5.860991705667142071e+01,9.788123458747901395e+01
2.490000000000000213e+01,2.263384176083468535e+00,-1.295775159669780351e+03,5.105123615175774887e+01,9.928922772441717370e+01
2.500000000000000000e+01,2.263787921720737728e+00,-1.359667639405276077e+03,4.948128072997519666e+01,9.881702070756088574e+01
2.510000000000000142e+01,2.264101422947510933e+00,-1.450714251063851634e+03,4.555304266192697327e+01,9.645957692380649462e+01
2.519999999999999929e+01,2.264299459299578210e+00,-1.503705508150234209e+03,4.328314734688063226e+01,9.330118372466581889e+01
2.530000000000000071e+01,1.981327954524514157e+00,-1.553592226265012641e+03,6.471786620625498143e-01,9.029046022454333809e+01
2.540000000000000213e+01,1.981327056873374293e+00,-1.557052292220940672e+03,9.066794010931282788e-01,8.742268219934705087e+01
2.550000000000000355e+01,1.761146523061753788e+00,-1.572022440327556069e+03,-1.317090639888631953e+00,8.445300643166736165e+01
2.560000000000000142e+01,1.584971984889724350e+00,-1.580085450728038268e+03,-1.624382182746682002e+00,8.146317081250974468e+01
2.569999999999999929e+01,1.440805932334709771e+00,-1.584907626736163365e+03,-1.532630371438681527e+00,7.860894140558160359e+01
2.580000000000000071e+01,1.219055982668137306e+00,-1.587880125922300522e+03,-7.988086951928037582e-02,7.590252155629106312e+01
2.590000000000000213e+01,1.131881154099960485e+00,-1.589530729309667322e+03,-1.250052895281244802e-01,7.330684255002321947e+01
2.600000000000000355e+01,9.902935858247208234e-01,-1.591106591788793367e+03,2.318139529404979193e-02,7.081261503539839453e+01
2.610000000000000142e+01,8.801535489362329878e-01,-1.591996031985699574e+03,5.711769898836728358e-03,6.840768024966975247e+01
2.620000000000000284e+01,8.337156700140579968e-01,-1.591677582807111321e+03,2.564708542735134791e-03,6.607156030816666714e+01
2.630000000000000071e+01,8.335959398703725043e-01,-1.590496064170308955e+03,8.480977156572373776e-03,6.378060466311615073e+01
2.639999999999999858e+01,8.334735360841274421e-01,-1.589103776381110492e+03,7.768470604059712382e-03,6.151533847605188043e+01
2.650000000000000355e+01,8.796491097843779361e-01,-1.586916781739407270e+03,-4.170634246052510458e-02,5.925219339324507928e+01
2.660000000000000142e+01,8.795213196043276671e-01,-1.585214462696479359e+03,-2.541954575565331595e-02,5.697014512112107099e+01
2.670000000000000284e+01,9.311238427903029136e-01,-1.582245098739589594e+03,-1.835283485474109855e-01,5.464581991092347124e+01
2.680000000000000071e+01,9.309910373794982874e-01,-1.580262091408039851e+03,-1.275993467134296511e-01,5.225886579418538957e+01
2.689999999999999858e+01,9.308566484098131921e-01,-1.578276339962955490e+03,-5.982417084146566394e-02,4.978388565751364325e+01
2.700000000000000000e+01,9.888941061452676262e-01,-1.573257609822610675e+03,-5.414519983193449848e-01,4.720389207421900579e+01
2.710000000000000142e+01,9.887558889069594237e-01,-1.569668344515478793e+03,-4.006538140190535890e-01,4.450042635371402611e+01
2.720000000000000284e+01,9.886172784843256789e-01,-1.564879047376015706e+03,-1.983501366401810850e-01,4.165595732517915195e+01
2.730000000000000071e+01,1.054380897969193986e+00,-1.554321744060381661e+03,-1.490398749164854486e+00,3.866820507515546979e+01
2.740000000000000213e+01,1.054240778698990688e+00,-1.543677401295902882e+03,-1.133116184060202203e+00,3.554293763174451470e+01
2.750000000000000000e+01,1.054103489218463974e+00,-1.530414430375039274e+03,-5.816602821325570494e-01,3.222199242736133584e+01
2.760000000000000142e+01,1.129252019305297283e+00,-1.503967033475404151e+03,-4.099286163981786579e+00,2.878930631106479865e+01
2.770000000000000284e+01,1.129117478553825604e+00,-1.479148692894540318e+03,-3.356650476963301877e+00,2.528558806204166487e+01
2.780000000000000071e+01,1.128995765054614520e+00,-1.449506735210149145e+03,-2.850119033408127223e+00,2.125556579571265203e+01
2.790000000000000213e+01,1.128868574947692771e+00,-1.417498881209762430e+03,-1.360182900924108429e+00,1.719881425578505585e+01
2.800000000000000000e+01,1.215596860690248970e+00,-1.375564694915709424e+03,-8.056444954175592699e+00,1.381307630170833001e+01
2.810000000000000142e+01,1.215562977153870738e+00,-1.358835340960189342e+03,-6.353742049573473771e+00,6.699067804011835214e+00
2.820000000000000284e+01,1.316823896453390264e+00,-1.377138724612801752e+03,-5.821134575593564620e+00,4.659157246389042939e+01
2.830000000000000071e+01,1.316672406256959915e+00,-1.356447357984944347e+03,-5.046757101737047613e+00,3.526552345120452259e+01
2.840000000000000213e+01,1.316432657528408878e+00,-1.298837253802605346e+03,-3.922288929042997196e+00,3.065092580892314444e+01
2.850000000000000000e+01,1.316160046873395384e+00,-1.251567267728794832e+03,-1.765505385725457677e+00,2.672632427112712605e+01
2.860000000000000142e+01,1.435504957584310626e+00,-1.198293289486533467e+03,-9.618367699699959417e+00,2.278061342434431324e+01
2.869999999999999929e+01,1.435210186914336994e+00,-1.154279860010633229e+03,-7.614859331070940485e+00,1.947105207653748948e+01
2.880000000000000426e+01,1.434926488508226239e+00,-1.121865046053251717e+03,-6.855146380570185549e+00,1.639795221079414134e+01
2.890000000000000213e+01,1.434659794434836932e+00,-1.093391634726918937e+03,-5.576068470738772653e+00,1.322067510303079096e+01
2.900000000000000000e+01,1.434406221147549010e+00,-1.067258187140574819e+03,-3.862045749164986663e+00,1.040637198166164978e+01
2.910000000000000142e+01,1.434183000758651128e+00,-1.047484653306745031e+03,-1.623234119082028748e+00,8.059911837739509366e+00
2.919999999999999929e+01,1.434005738527033058e+00,-1.034939766608129730e+03,1.317551206682380904e+00,3.841226151482321605e+00
2.930000000000000426e+01,1.577230333614269231e+00,-1.047502829921062130e+03,4.999322060311355287e+00,2.916596454231611091e+01
2.940000000000000213e+01,1.577019308199059333e+00,-1.033109682856456402e+03,9.418077961645419549e+00,2.109884396553578156e+01
2.950000000000000355e+01,1.576801198427464579e+00,-1.004005720394310856e+03,1.454463544891628501e+01,1.727112503624251971e+01
2.960000000000000142e+01,1.576598650987311112e+00,-9.872324799822985142e+02,2.028136173371890649e+01,1.373510661909237385e+01
2.969999999999999929e+01,1.576423043733225171e+00,-9.826198798484014105e+02,2.639296348415112448e+01,1.065362945926550964e+01
2.980000000000000071e+01,1.576302884431399765e+00,-1.000603208312554102e+03,3.281983234033441477e+01,8.283149388797575341e+00
2.990000000000000213e+01,1.576264821155343387e+00,-1.041711075966294857e+03,3.965710957965358574e+01,3.962286953386050303e+00
3.000000000000000355e+01,1.751467731073566680e+00,-1.129101864076930724e+03,4.548407331230549744e+01,2.329863005582786784e+01
3.010000000000000142e+01,1.751540290845031489e+00,-1.215802924168927575e+03,5.320818269012751500e+01,1.595247752312500999e+01
3.020000000000000284e+01,1.576318324603277699e+00,-1.259353392596857248e+03,4.656002111417149258e+00,1.282882362025004319e+01
3.030000000000000071e+01,1.576158782470531872e+00,-1.245617401829189475e+03,1.172688979510387952e+01,9.878784715761211643e+00
3.039999999999999858e+01,1.575972184969065548e+00,-1.244165520332558799e+03,1.814312608842613272e+01,7.185825313551124971e+00
3.050000000000000355e+01,1.575825117640897499e+00,-1.255767323815442069e+03,2.393087353330690803e+01,5.034617714448421211e+00
3.060000000000000142e+01,1.575718782513716665e+00,-1.273835862459033933e+03,3.147458989309896538e+01,2.217990644816334900e+00
3.070000000000000284e+01,1.575579485444561056e+00,-1.296924689972751366e+03,3.003895102122915883e+00,1.893078675281201484e+01
3.080000000000000071e+01,1.575401174926999159e+00,-1.271239994754458394e+03,7.106790666483252750e+00,1.412210382607435122e+01
3.090000000000000213e+01,1.575208280813644945e+00,-1.240652916493150315e+03,1.152458917951618211e+01,1.144923513381083247e+01
3.100000000000000000e+01,1.431814496495168010e+00,-1.216751730182844994e+03,8.967693709592993168e-01,9.075646867445582799e+00
3.110000000000000142e+01,1.431627994690188643e+00,-1.184053521874280705e+03,2.542893859670106504e+00,7.060092315312146205e+00
3.120000000000000284e+01,1.431474291668332732e+00,-1.163170282302366786e+03,4.514079120416183422e+00,3.480389611579657760e+00
3.130000000000000071e+01,1.431320816848836719e+00,-1.172961366782652249e+03,2.044869799094702068e-02,2.713569608963351243e+01
3.140000000000000568e+01,1.431129081043712503e+00,-1.153735736887288112e+03,-7.299631288916673399e-02,1.979465112226934309e+01
3.150000000000000000e+01,1.311681218691912898e+00,-1.125064348922695217e+03,-6.274937580996270414e-01,1.591382706584515638e+01
3.160000000000000142e+01,1.311485733073428195e+00,-1.101588367667278817e+03,-9.862302925306880574e-01,1.247087057318275072e+01
3.169999999999999929e+01,1.311308639358610417e+00,-1.084173779020542952e+03,-1.237360964681193165e+00,9.458681272643207905e+00
3.180000000000000071e+01,1.210301828711409566e+00,-1.074250341706919244e+03,-5.104345502296055992e-01,4.539499927633414700e+00
3.190000000000000568e+01,1.311007638459530611e+00,-1.084429332795331902e+03,-6.343635559961107173e-01,2.669364686684404475e+01
3.200000000000000000e+01,1.209977926456813346e+00,-1.070264294902714937e+03,-6.012906425815776890e-02,1.797553419585004519e+01
3.210000000000000142e+01,1.209767130000795055e+00,-1.048958873951435407e+03,6.665644997504998059e-01,1.399513604109576370e+01
3.220000000000000284e+01,1.123141674372035270e+00,-1.033801134587680963e+03,4.109090646581587403e-01,1.060913627014205218e+01
3.230000000000000426e+01,1.122931232683837210e+00,-1.034045772101782632e+03,6.092299347868469495e-01,7.701160415056119923e+00
3.239999999999999858e+01,1.047886933070265814e+00,-1.047337210671628327e+03,5.265009432128728989e-02,3.596321898497606195e+00
3.250000000000000000e+01,1.047699158786522755e+00,-1.074299173644921666e+03,2.089433047285182282e-02,2.565843423046105798e+01
3.260000000000000142e+01,1.047489185465988681e+00,-1.100042440730692533e+03,-1.277626697358023922e+00,1.887220894293501416e+01
3.270000000000000284e+01,9.818166100335724567e-01,-1.119228887373757743e+03,-5.850582780361512913e-01,1.586378516151865625e+01
3.280000000000000426e+01,9.816139762483537812e-01,-1.140899790130726160e+03,-2.860978438798573720e+00,1.289090805262086725e+01
3.289999999999999858e+01,9.236912123933561647e-01,-1.162268124566293636e+03,-1.106114569056925623e+00,1.014559619745689822e+01
3.300000000000000000e+01,9.235355147869335202e-01,-1.186681111984334848e+03,-4.145169617065297629e+00,7.983575750520738978e+00
3.310000000000000142e+01,8.721174812250401809e-01,-1.208572945342882122e+03,-1.514776613202722499e+00,3.865782380236247651e+00
3.320000000000000284e+01,9.233232619716785772e-01,-1.245103041061641079e+03,-5.460242679839153901e+00,2.689791142598799922e+01
3.330000000000000426e+01,8.719301651555148025e-01,-1.246884506407100389e+03,-3.132035444859295303e+00,1.933855215226860125e+01
3.339999999999999858e+01,8.259408936756083008e-01,-1.227823457706957697e+03,-1.494299403536257342e+00,1.599765651563949120e+01
3.350000000000000000e+01,8.258416861828374866e-01,-1.212534131208004737e+03,-3.183734179004527043e+00,1.303999877365158255e+01
3.360000000000000142e+01,7.844532864025375307e-01,-1.178546302227991191e+03,-8.271962556214093043e-01,1.020464920395651198e+01
3.370000000000000284e+01,7.843523614789276177e-01,-1.150120880514924011e+03,-1.311522785869857932e+00,7.935702004180782865e+00
3.380000000000000426e+01,7.469015979755886381e-01,-1.108821822673358156e+03,-2.934682611676874275e-01,5.831140168792873446e+00
3.389999999999999858e+01,7.467945773985644742e-01,-1.073932160188870967e+03,-2.110281594375450556e-02,2.547155738052191865e+00
3.400000000000000000e+01,7.466765777626649392e-01,-1.020478196486385514e+03,5.814141120313229966e-02,1.374471673020916818e+01
3.410000000000000142e+01,7.465409171827845913e-01,-9.755448480723293869e+02,6.867891769747346276e-01,8.756986217514686643e+00
3.420000000000000284e+01,7.124626183160895909e-01,-9.177717498977945070e+02,1.654033275952820903e-01,6.605883155435755327e+00
3.430000000000000426e+01,7.123076846940503692e-01,-8.662542748684568323e+02,6.176309516370906971e-01,4.918880885189658159e+00
3.439999999999999858e+01,6.811847326687324733e-01,-8.162290757063702813e+02,4.342496338842594117e-02,3.801477306591107830e+00
3.450000000000000000e+01,7.119892321952684400e-01,-7.739341719309303471e+02,5.714529417774552034e-01,3.421413671910955134e+00
3.460000000000000142e+01,7.457360476828098772e-01,-7.389232897569124816e+02,2.048170489586612852e+00,3.655900680604818653e+00
3.470000000000000284e+01,7.455832491505530735e-01,-7.182887594105786775e+02,6.846059425616347616e-01,4.434168423753853006e+00
3.480000000000000426e+01,7.827067817517650017e-01,-7.165409026738606144e+02,1.652822898305300603e+00,5.576488486000540590e+00
3.489999999999999858e+01,8.237447859225073277e-01,-7.385870447967782866e+02,1.937210469011481750e+00,6.897205191495985765e+00
3.500000000000000000e+01,8.693353581694679422e-01,-7.745990869657040321e+02,3.088519532059963990e-01,8.202671876948405938e+00
3.510000000000000142e+01,8.691372006887476687e-01,-8.030754453432869013e+02,-7.697488654461722701e-01,9.357858507969519124e+00
3.520000000000000284e+01,9.200290171966201136e-01,-8.028680674607468291e+02,-3.570946222592462860e+00,1.024752392469892825e+01
3.530000000000000426e+01,9.772799376087186740e-01,-7.752628874576377029e+02,-7.576188016270000603e+00,1.085967815837832617e+01
3.539999999999999858e+01,1.042183906950171046e+00,-7.304088423224436610e+02,-1.405585141909215885e+01,1.118039384028972805e+01
3.550000000000000711e+01,1.041946178601430795e+00,-7.053161534511763193e+02,-3.877491213850796647e+00,1.129504827930462518e+01
3.560000000000000142e+01,1.116122879991696903e+00,-6.732229052438341341e+02,-8.494224865712491024e+00,1.137244870089266868e+01
3.570000000000000284e+01,1.115894004433910069e+00,-6.599102149142518101e+02,-2.801261876469613110e+00,1.158978618144371175e+01
3.579999999999999716e+01,1.201505940719707066e+00,-6.309419883483309377e+02,-8.628872779566760798e-01,1.191788538636658679e+01
3.589999999999999858e+01,1.201314793699999495e+00,-6.123432907512059273e+02,3.117301226346449461e+00,1.212896718032669519e+01
3.600000000000000711e+01,1.201135120307392334e+00,-5.951358243567231057e+02,5.543476574143404889e+00,1.194656203131809313e+01
3.610000000000000142e+01,1.200960297882792238e+00,-5.834539979584799312e+02,9.789655174222005485e+00,1.117565030265296322e+01
3.620000000000000284e+01,1.200779580662946655e+00,-5.920143847009304636e+02,1.549048232235099931e+01,9.743217813010064177e+00
3.629999999999999716e+01,1.200585805269526407e+00,-6.286809316297546957e+02,2.181058886704761335e+01,7.716208719099149960e+00
3.639999999999999858e+01,1.200386517087375315e+00,-6.929964098767642326e+02,2.789939742227871733e+01,5.255827524570910292e+00
3.650000000000000711e+01,1.200200445433278418e+00,-7.757360760907956774e+02,3.264472185333364251e+01,2.555093052171077517e+00
3.660000000000000142e+01,1.200052705553458443e+00,-8.632965857256102709e+02,3.486468157746649865e+01,-1.941664105834167431e-01
3.670000000000000284e+01,1.199937831568665736e+00,-9.376290206635153481e+02,3.592780755963589456e+01,-2.797169508480703115e+00
3.679999999999999716e+01,1.114113136203167098e+00,-9.370934255628036453e+02,1.694841391666935593e+00,-5.143996016015585759e+00
3.690000000000000568e+01,1.113998202935356563e+00,-9.398012304044257235e+02,4.238122771632373720e+00,-7.270300822936500040e+00
3.700000000000000711e+01,1.039621550526764748e+00,-8.911723887284517787e+02,1.529153528311243848e+00,-9.159778930393258634e+00
3.710000000000000142e+01,9.745318982176318645e-01,-8.390408374143589754e+02,1.112511992758435930e+00,-1.062368830138041709e+01
3.720000000000000284e+01,9.170881526267673500e-01,-7.920931908976995146e+02,1.326219500171163412e+00,-1.107893687403540106e+01
3.729999999999999716e+01,8.660098786417759209e-01,-7.616910622362678396e+02,7.540872486105585359e-01,-1.043791917643933154e+01
3.740000000000000568e+01,8.658697087190893038e-01,-7.522165036600401891e+02,-1.864357304413237770e-01,-1.275848611653449893e+01
3.750000000000000000e+01,7.791517473437407082e-01,-7.546979388006968748e+02,-2.158837478077598515e+00,-3.356665312606136542e+00
3.760000000000000142e+01,7.419187337420138917e-01,-7.548702432790707917e+02,-4.021862496942998355e+00,-8.172958399451170308e+00
3.770000000000000284e+01,7.080705836253362584e-01,-7.545271909823076157e+02,-5.994140174938528354e+00,-1.105564983721934880e+01
3.779999999999999716e+01,6.771721289709524694e-01,-7.531895009283668969e+02,-7.550176097957990606e+00,-1.273224325321100991e+01
3.790000000000000568e+01,6.488552265052432988e-01,-7.517059834180722646e+02,-8.376124989541443355e+00,-1.321313617930417728e+01
3.800000000000000000e+01,6.228111122311298375e-01,-7.534853848278980877e+02,-8.232886294530375793e+00,-1.242381459804447807e+01
3.810000000000000142e+01,5.987794873284237873e-01,-7.617384391316614938e+02,-7.051365553557758403e+00,-1.048865621307930418e+01
3.820000000000000284e+01,5.765351232127541303e-01,-7.782139458762957247e+02,-5.054545954256250084e+00,-7.746382424954456170e+00
3.829999999999999716e+01,5.558815781427700609e-01,-7.987193567281174182e+02,-2.776811084733427748e+00,-5.224906797731650343e+00
3.840000000000000568e+01,5.187592009408324989e-01,-7.990708537022086375e+02,-8.637575942778038529e-01,-7.173404074148540532e-01
3.850000000000000000e+01,5.186851888278279921e-01,-8.182724549930239846e+02,1.104873196985457939e+00,-1.050999305588671273e+00
3.860000000000000142e+01,5.018694550309055202e-01,-8.004209115078219838e+02,2.089570638744331355e+00,-3.488997477138042758e-01
3.870000000000000284e+01,4.860941570053211591e-01,-7.608169565256328042e+02,1.180426513667574007e+00,7.654358905378347844e-01
3.880000000000000426e+01,4.859990035313114798e-01,-7.119240029165895294e+02,3.156778404466297427e+00,2.208108744134360535e+00
3.890000000000000568e+01,4.859102899179815194e-01,-6.446451083485334266e+02,6.409423520520046047e+00,3.919494782112558529e+00
3.900000000000000000e+01,4.711125545093533540e-01,-5.548188080223793577e+02,1.483691667135584868e+00,6.455759910315815198e+00
3.910000000000000142e+01,4.572023484854442765e-01,-4.503958348613066391e+02,3.531855759887835067e+00,6.184687609596537516e-01
3.919999999999999574e+01,4.571664595356812466e-01,-3.645137214495172771e+02,5.086914592328045437e+00,6.110780219667322211e-01
3.930000000000000426e+01,4.571385443805975335e-01,-2.875547023052092754e+02,6.322179565542812796e+00,-1.375993029871792839e+00
3.940000000000000568e+01,4.571020833912777248e-01,-2.267754174800147382e+02,7.246088552215963929e+00,-5.095209062466298455e+00
3.950000000000000000e+01,4.570441869747064456e-01,-1.854061629110522063e+02,7.827759526962760006e+00,-9.333245229153449785e+00
3.960000000000000142e+01,4.569651628980657687e-01,-1.566161951878600576e+02,8.153384675670414694e+00,-1.319788689235128309e+01
3.969999999999999574e+01,4.568872053058217197e-01,-1.234629771020100861e+02,8.301531597087702607e+00,-2.033140276743304042e+01
3.980000000000000426e+01,4.437766619420042136e-01,-8.245241071768153063e+01,8.347647959675205342e+00,-4.454712715335070961e+00
3.990000000000000568e+01,4.437314838115545279e-01,-4.178407561104030776e+01,8.350976760070139449e+00,-7.483423640926869069e+00
4.000000000000000000e+01,4.436785488115285725e-01,-1.370697608390481381e+00,8.346033711453872073e+00,-4.837632393257059960e+00
4.010000000000000142e+01,4.435994666875755499e-01,2.450823593217748808e+01,8.355164764774620778e+00,5.087872558250758903e-01
4.020000000000000284e+01,4.434841766438751276e-01,2.479349285653218260e+01,8.382669773642783539e+00,6.908652845627737626e+00
4.030000000000000426e+01,4.433376770963535773e-01,-6.872646567682393126e+00,8.384228391394541902e+00,1.756560792205132771e+01
4.040000000000000568e+01,4.308567632341336884e-01,-4.639176763518888436e+01,8.260406633073509752e+00,4.228084882668015965e+00
4.050000000000000000e+01,4.306804448104061822e-01,-1.184232371575593987e+02,7.926448764895016375e+00,1.049948536883710126e+01
4.060000000000000142e+01,4.305055969902594204e-01,-2.105586494576072027e+02,7.382579418571403984e+00,1.517740999309728522e+01
4.070000000000000284e+01,4.303424351215773824e-01,-3.127350913785545004e+02,6.659103456334498183e+00,1.873288288168248172e+01
4.080000000000000426e+01,4.301964842765642616e-01,-4.187472465835956541e+02,5.682366175724027357e+00,2.115799489968612335e+01
4.089999999999999858e+01,4.300656493252867363e-01,-5.225437910592136177e+02,4.232395843581929107e+00,2.192964898916136818e+01
4.100000000000000000e+01,4.299386891036055536e-01,-6.169263935586616299e+02,2.003504467677223122e+00,2.314117415793770505e+01
4.110000000000000142e+01,4.181871560038092350e-01,-6.661961835335058595e+02,-1.301933552512985592e+00,1.892537459479021855e+00
4.120000000000000284e+01,4.180472474716525610e-01,-7.211290324837207208e+02,-5.822146996831027543e+00,4.755720212529102930e+00
4.130000000000000426e+01,4.179028666375791956e-01,-7.582008262324902717e+02,-1.137581208509831576e+01,7.244845417386418518e+00
4.139999999999999858e+01,4.177601917803033249e-01,-7.783337733424699536e+02,-1.746977271235703455e+01,9.719004055413124732e+00
4.150000000000000000e+01,4.176250997929777942e-01,-7.854186925780309139e+02,-2.353020830213108994e+01,1.176170909234201822e+01
4.160000000000000853e+01,4.175000876787508530e-01,-7.828505675631382701e+02,-2.914461448160678003e+01,1.265598262095981319e+01
4.170000000000000284e+01,4.173827178201545141e-01,-7.733653001409402350e+02,-3.411051015409062614e+01,1.441261469352105529e+01
4.180000000000000426e+01,4.062860812385428733e-01,-7.324530098364890591e+02,-3.835931717543426345e+01,2.021933700067820805e+00
4.189999999999999858e+01,4.061719616628572949e-01,-7.155893352846543394e+02,-4.189269766728512678e+01,4.775691869768557751e+00
4.200000000000000000e+01,4.060539451317757287e-01,-7.018213528864961290e+02,-4.474646084568978921e+01,6.216388418873451727e+00
4.210000000000000853e+01,4.059274985159500582e-01,-6.919109455039035765e+02,-4.696250782278064406e+01,6.819823987929848563e+00
4.220000000000000284e+01,4.057884275060115176e-01,-6.874211128356355403e+02,-4.857308203431512084e+01,6.997856551074137066e+00
4.230000000000000426e+01,4.056329341589517412e-01,-6.889289781311832712e+02,-4.959755501200156402e+01,6.850861849556255656e+00
4.239999999999999858e+01,4.054590111652583428e-01,-6.957463079122759382e+02,-5.004439187337430894e+01,6.372020264389496091e+00
4.250000000000000000e+01,4.052678042473756848e-01,-7.066835752325929434e+02,-4.991378989689644641e+01,6.759667967187744431e+00
4.260000000000000142e+01,3.946737679160581824e-01,-7.042762489654724050e+02,-4.920078928879901525e+01,1.105599374393363865e+00
4.270000000000000284e+01,3.944620272487887047e-01,-7.159744698897352464e+02,-4.789850175273388544e+01,2.442881654942296255e+00
4.280000000000000426e+01,3.942544935707518738e-01,-7.244603737806768322e+02,-4.600163044974742377e+01,2.865761723768397218e+00
4.289999999999999858e+01,3.940625508280660161e-01,-7.256116276144258563e+02,-4.351109160154351940e+01,2.809400141084919422e+00
4.300000000000000000e+01,3.938935280820050622e-01,-7.201179008362572631e+02,-4.044039737142352919e+01,2.447314372529143078e+00
4.310000000000000142e+01,3.937441920053747491e-01,-7.118131790464974529e+02,-3.682276638189974705e+01,1.727149847127804172e+00
4.320000000000000284e+01,3.936033682235373643e-01,-7.000541966520504502e+02,-3.271767954886313845e+01,5.318880959085582338e-01
4.330000000000000426e+01,3.934625590674469264e-01,-6.784858666972594392e+02,-2.821329919583638812e+01,-1.596962544107281889e+00
4.339999999999999858e+01,3.933191420989871623e-01,-6.424287843636832349e+02,-2.342651960739807038e+01,-4.569100223807867955e+00
4.350000000000000711e+01,3.931725428709342829e-01,-5.962184295190816101e+02,-1.850246713032127133e+01,-8.532782655664263416e+00
4.360000000000000142e+01,3.930260419468047384e-01,-5.415787049122848202e+02,-1.360214618073231385e+01,-1.962486412968697280e+01
4.370000000000000284e+01,3.830666125580904913e-01,-4.823824874478668789e+02,-8.873190513382557043e+00,-5.858260447633896639e+00
4.379999999999999716e+01,3.829454820200878240e-01,-4.384926440586411331e+02,-4.436020808575491081e+00,-1.339162356745553062e+01
4.389999999999999858e+01,3.828357936321625798e-01,-4.044327139378080460e+02,-4.021719491261127599e-01,-1.781009375336360279e+01
4.400000000000000711e+01,3.827452365520592203e-01,-3.793514803110402909e+02,3.126279233093314680e+00,-2.211574232383544469e+01
4.410000000000000142e+01,3.826809898771399987e-01,-3.575504363186610703e+02,6.099627894665634820e+00,-2.630224341667191368e+01
4.420000000000000284e+01,3.826386517308827395e-01,-3.348394070056864962e+02,8.548296054333244243e+00,-2.966660235601399265e+01
4.429999999999999716e+01,3.826136613871665704e-01,-3.087998225428426622e+02,1.055318645753128237e+01,-3.228599794596406269e+01
4.439999999999999858e+01,3.826006306504498022e-01,-2.784084421450070295e+02,1.217912940180768899e+01,-3.415564369994481098e+01
4.450000000000000711e+01,3.825934347128548962e-01,-2.435253563734346187e+02,1.344218945315926206e+01,-3.512028211803444577e+01
4.460000000000000142e+01,3.825876562893948951e-01,-2.040018084760332044e+02,1.432433080099747613e+01,-3.515172027899733820e+01
4.470000000000000284e+01,3.825804601947505046e-01,-1.597494636223900102e+02,1.478819866843933895e+01,-3.427854027777190282e+01
4.479999999999999716e+01,3.825701702484612943e-01,-1.115057570526433608e+02,1.480712800804059626e+01,-3.255707345482566240e+01
4.490000000000000568e+01,3.825547770814229920e-01,-6.028089650839374514e+01,1.440575095301567110e+01,-3.007374375088534890e+01
4.500000000000000711e+01,3.825326777303438841e-01,-6.993341183366058367e+00,1.366159273551586928e+01,-2.693912525534432234e+01
4.510000000000000142e+01,3.825040251626840582e-01,4.609132389990490708e+01,1.269496193215234747e+01,-2.326821565687712123e+01
4.520000000000000284e+01,3.824683557669362743e-01,9.711887135231614820e+01,1.164664749268025190e+01,-1.917890030873934748e+01
4.529999999999999716e+01,3.824243820603752675e-01,1.461658834623376038e+02,1.062863476104291216e+01,-1.478814411922229688e+01
4.540000000000000568e+01,3.823722918961275918e-01,1.913960364376554821e+02,9.730229596141965587e+00,-1.020427516141732838e+01
4.550000000000000000e+01,3.823130351945492889e-01,2.279377301736463437e+02,9.025320061417174244e+00,-5.522180058090890853e+00
4.560000000000000142e+01,3.822460548389216006e-01,2.538702876152464682e+02,8.511194818988364830e+00,-8.224919408348850824e-01
4.570000000000000284e+01,3.821720684610935281e-01,2.689290130520988669e+02,8.123894060154974284e+00,3.826982548072155321e+00
4.579999999999999716e+01,3.820928646904936388e-01,2.709919080939488367e+02,7.795824787059912886e+00,8.365879410903058755e+00
4.590000000000000568e+01,3.820092303232976993e-01,2.600797390939882234e+02,7.442549515381169378e+00,1.273693047393316391e+01
4.600000000000000000e+01,3.819223107837355635e-01,2.383834951529017303e+02,6.965101270322758609e+00,1.688159476167453121e+01
4.610000000000000142e+01,3.818332184541771701e-01,2.059410815963398420e+02,6.286098559232659255e+00,2.073408456768901686e+01
4.620000000000000284e+01,3.817417666001056697e-01,1.617883457839229493e+02,5.358611814926031336e+00,2.421451346929816140e+01
4.630000000000000426e+01,3.816482782338274649e-01,1.077584626195149724e+02,4.168014638363775504e+00,2.722417767818308931e+01
4.640000000000000568e+01,3.815548253981787541e-01,4.788817453646935007e+01,2.742786198711804957e+00,2.964748324003858571e+01
4.650000000000000000e+01,3.814637414463215026e-01,-1.373593062884609495e+01,1.152535433004972854e+00,3.136084971234539509e+01
4.660000000000000142e+01,3.813764835952828669e-01,-7.317654804788203649e+01,-5.085180562152517014e-01,3.225070197342664358e+01
4.670000000000000284e+01,3.812936984962495002e-01,-1.267342580157209113e+02,-2.143817560819318846e+00,3.223582355157228818e+01
4.680000000000000426e+01,3.812152998307337670e-01,-1.714672319273277878e+02,-3.669785264418937931e+00,3.128514518468478300e+01
4.690000000000000568e+01,3.811406832991263149e-01,-2.052369269671816596e+02,-5.016327337513282636e+00,2.944198668911749550e+01
4.700000000000000000e+01,3.810691735568867422e-01,-2.265192687323416862e+02,-6.122692432085421466e+00,2.684098156143192782e+01
4.710000000000000142e+01,3.810003626297720492e-01,-2.343700926467874126e+02,-6.939473763818222452e+00,2.369196754454612375e+01
4.719999999999999574e+01,3.809340264367633844e-01,-2.284439041717993462e+02,-7.433613505012345968e+00,2.026890842004989324e+01
4.730000000000000426e+01,3.808697611295772667e-01,-2.090820694886031674e+02,-7.589112992270574232e+00,1.690925174338809711e+01
4.740000000000000568e+01,3.808066592143345419e-01,-1.772457056017199761e+02,-7.403800713801603095e+00,1.394111687876907446e+01
4.750000000000000000e+01,3.807433122675675241e-01,-1.342600157598524788e+02,-6.887484983425522955e+00,1.156747513796235971e+01
4.760000000000000142e+01,3.806782362075106230e-01,-8.186519630182382912e+01,-6.062817582448244202e+00,9.808261641898749161e+00
4.770000000000000284e+01,3.806104294111346542e-01,-2.266652280452059998e+01,-4.965263990057625421e+00,8.552627483517534657e+00
4.780000000000000426e+01,3.805393296720126495e-01,3.995419639763957775e+01,-3.640814697846716186e+00,7.647504785319394038e+00
4.790000000000000568e+01,3.804643971708311923e-01,1.027600874542228411e+02,-2.143093560548595455e+00,6.952776136568835419e+00
4.800000000000000000e+01,3.803854881517744757e-01,1.626642069063005920e+02,-5.303172530598632139e-01,6.356681696104145907e+00
4.810000000000000142e+01,3.803040367210062667e-01,2.152237056689889414e+02,1.138679138186727613e+00,5.803216815486309521e+00
4.820000000000000284e+01,3.802222780460216556e-01,2.550839589460103127e+02,2.808791306599366155e+00,5.304964036946610229e+00
4.830000000000000426e+01,3.801420191021929185e-01,2.794083903435619050e+02,4.431763953657115174e+00,4.909496055492559741e+00
4.840000000000000568e+01,3.800635469414450629e-01,2.909485703887008867e+02,5.968019159841659871e+00,4.655093799898330609e+00
4.850000000000000000e+01,3.799872098512401264e-01,2.947269506883072836e+02,7.388366470961587495e+00,4.540535023022636452e+00
4.860000000000000142e+01,3.799141187383546225e-01,2.931853894265490226e+02,8.674450575158353161e+00,4.541145935216342799e+00
4.870000000000000284e+01,3.798451020061814343e-01,2.868484552036970854e+02,9.816496200372082370e+00,4.621035435826204463e+00
4.880000000000000426e+01,3.797812678197879377e-01,2.762058799924888035e+02,1.081055191470871968e+01,4.746464530105880542e+00
4.889999999999999858e+01,3.797234125237746727e-01,2.607174944599624382e+02,1.165769633824941209e+01,4.845507012724115548e+00
4.900000000000000000e+01,3.796685895021292834e-01,2.348084495579057034e+02,1.236424525700452115e+01,4.793843738289949030e+00
4.910000000000000142e+01,3.796111091001702076e-01,1.952055902383664829e+02,1.294166631600781336e+01,4.478265571052758354e+00
4.920000000000000284e+01,3.795496688576934230e-01,1.463784069443036913e+02,1.340568219511831316e+01,3.795314453090002260e+00
4.930000000000000426e+01,3.794861271126702684e-01,9.173681333857952325e+01,1.377428776571806068e+01,2.682570954595271395e+00
4.939999999999999858e+01,3.794208356959997697e-01,3.157086586622163082e+01,1.406523798805279490e+01,1.126169561979262879e+00
4.950000000000000000e+01,3.793537345193335741e-01,-3.340558245988431452e+01,1.429320736096469879e+01,-8.422966648693270830e-01
4.960000000000000853e+01,3.792854293560794510e-01,-1.010675996021990670e+02,1.446795916338442112e+01,-3.146156131296489633e+00
4.970000000000000284e+01,3.792169367153356840e-01,-1.689091750192188783e+02,1.459331067460921538e+01,-5.707799221829117364e+00
4.980000000000000426e+01,3.791489928427423939e-01,-2.345160806261860102e+02,1.466585505063834560e+01,-8.473477692688931029e+00
4.989999999999999858e+01,3.790824611137910694e-01,-2.954714252203353908e+02,1.467849460116691240e+01,-1.139010368559509168e+01
5.000000000000000000e+01,3.790181462770324528e-01,-3.494518399495348149e+02,1.462381893820908907e+01,-1.437854750096107637e+01
5.010000000000000853e+01,3.789570718386560677e-01,-3.944393184602271845e+02,1.449185312781348323e+01,-1.733712904190469928e+01
5.020000000000000284e+01,3.789000547288901566e-01,-4.288163521213165268e+02,1.427290974725432626e+01,-2.015423870218860003e+01
5.030000000000000426e+01,3.788478663708716998e-01,-4.513700959704853517e+02,1.397030790547881907e+01,-2.270847369107392311e+01
5.039999999999999858e+01,3.788006990061187906e-01,-4.612522790703227429e+02,1.359497596559513610e+01,-2.486932784936445273e+01
5.050000000000000000e+01,3.787584788147308479e-01,-4.579124469365789878e+02,1.314515362002579124e+01,-2.650388256998114045e+01
5.060000000000000142e+01,3.787204305172136021e-01,-4.411570464381614443e+02,1.262032384663350904e+01,-2.748347712978103985e+01
5.070000000000000284e+01,3.786854403753391884e-01,-4.113688648252974644e+02,1.204311596733256096e+01,-2.769129787603770154e+01
5.080000000000000426e+01,3.786516796378609495e-01,-3.696625198070067881e+02,1.142729211421186619e+01,-2.703334981600611897e+01
5.089999999999999858e+01,3.786172826101220634e-01,-3.178530481380897186e+02,1.073490530201373083e+01,-2.545221997292242122e+01
5.100000000000000711e+01,3.785800311908266158e-01,-2.583138102765596500e+02,9.926068372292521147e+00,-2.294300343654166241e+01
5.110000000000000142e+01,3.785381422727312484e-01,-1.937565483621616806e+02,9.046494717091627891e+00,-1.956946630319429659e+01
5.120000000000000284e+01,3.784904113512860269e-01,-1.269833709313291621e+02,8.228147936009005292e+00,-1.547525468260023196e+01
5.130000000000000426e+01,3.784374876853504599e-01,-6.045188522273680576e+01,7.598863312733821651e+00,-1.088263271827660361e+01
5.139999999999999858e+01,3.783814919358973738e-01,4.036658855565983473e+00,7.205829901345668809e+00,-6.072151819367426206e+00
5.150000000000000711e+01,3.783267442033427241e-01,6.505944751622311628e+01,7.024731647041106974e+00,-1.342352745711597573e+00
5.160000000000000142e+01,3.782771329139171801e-01,1.214221420363050612e+02,6.988183470883325477e+00,3.041531397470035980e+00
5.170000000000000284e+01,3.782333957250970657e-01,1.730606642995549294e+02,7.028756493182350518e+00,6.892905449644099569e+00
5.180000000000000426e+01,3.781925313418556533e-01,2.198238394988561026e+02,7.085015617056117598e+00,1.012700200808568951e+01
5.189999999999999858e+01,3.781534192462155386e-01,2.578927503204389495e+02,7.099312637058406317e+00,1.275538061903546527e+01
5.200000000000000711e+01,3.781136045954133773e-01,2.834301356206883611e+02,7.051195031461090501e+00,1.485712433038193758e+01
5.210000000000000142e+01,3.780699012735051490e-01,2.983094440364518505e+02,6.950348272718512632e+00,1.654260356753645667e+01
5.220000000000000284e+01,3.780215424786750322e-01,3.063024148926551788e+02,6.817125711721609527e+00,1.792560310163311499e+01
5.229999999999999716e+01,3.779702756631620475e-01,3.103320959259027632e+02,6.653036347784936133e+00,1.910667785637919636e+01
5.240000000000000568e+01,3.779155679935713996e-01,3.129300929889776626e+02,6.420290392864793638e+00,2.016370055292519936e+01
5.250000000000000711e+01,3.778582194571327713e-01,3.155516186188722259e+02,6.082338614444148028e+00,2.114876980453194122e+01
5.260000000000000142e+01,3.777975973988385028e-01,3.187280397978929045e+02,5.652147537671261546e+00,2.209009811815475643e+01
5.270000000000000284e+01,3.777348114204530094e-01,3.224225487692899605e+02,5.191597053303349973e+00,2.299586912804369376e+01
5.279999999999999716e+01,3.776686407157995307e-01,3.252140682322411180e+02,4.764149063896000236e+00,2.385841872711782941e+01
5.290000000000000568e+01,3.776001669633117785e-01,3.244844911155131513e+02,4.423324529380518122e+00,2.465782189316202633e+01
5.300000000000000711e+01,3.775282195857002088e-01,3.180718536941723187e+02,4.242898981254611179e+00,2.536457680592609876e+01
5.310000000000000142e+01,3.774560086924528823e-01,3.029936980951191572e+02,4.257530102182019327e+00,2.594152419166627155e+01
5.320000000000000284e+01,3.773835703516542628e-01,2.731616484871977946e+02,4.376728887485962893e+00,2.634637736110189721e+01
5.329999999999999716e+01,3.773119532442781310e-01,2.251057982648698612e+02,4.435591640914086753e+00,2.653519096735986338e+01
5.340000000000000568e+01,3.772385719270947568e-01,1.641466756185147347e+02,4.275273632487280651e+00,2.646694218006798849e+01
5.350000000000000711e+01,3.771669183388769442e-01,9.827053827633470462e+01,3.754777731728769385e+00,2.610890957283901415e+01
5.360000000000000142e+01,3.770959674233961278e-01,3.184214221069114359e+01,2.738383116940446893e+00,2.544302977378845654e+01
5.370000000000000284e+01,3.770272151067444177e-01,-3.312190621924000311e+01,1.112846608381216074e+00,2.446961517711797995e+01
5.379999999999999716e+01,3.769573171446842230e-01,-9.435461938308080221e+01,-1.172590211404053173e+00,2.320817279904023778e+01
5.390000000000000568e+01,3.768883263272700956e-01,-1.488611426218717781e+02,-4.058761213243553101e+00,2.169838950372875530e+01
5.400000000000000000e+01,3.768179439570913392e-01,-1.937022279830851801e+02,-7.365398685782894361e+00,1.999815283955479472e+01
5.410000000000000142e+01,3.767501294308711057e-01,-2.265693904637806497e+02,-1.083613501432171589e+01,1.816677867412501968e+01
5.420000000000000284e+01,3.766820938851477285e-01,-2.459931514972108175e+02,-1.422213047572614464e+01,1.625915297424192829e+01
5.430000000000000426e+01,3.766196227742415470e-01,-2.514754227606122754e+02,-1.733136817319971357e+01,1.434079231219985395e+01
5.440000000000000568e+01,3.765567808623253021e-01,-2.434981911011921909e+02,-2.003104173858289627e+01,1.247884311358053111e+01
5.450000000000000000e+01,3.765020975202263975e-01,-2.232910868952705243e+02,-2.223754160909773603e+01,1.070880004004706798e+01
5.460000000000000142e+01,3.764430012730235475e-01,-1.925855074117307026e+02,-2.391179952814556486e+01,9.053131370823571444e+00
5.470000000000000284e+01,3.763946117077207054e-01,-1.535934107134048077e+02,-2.504909638292359730e+01,7.576713635573370631e+00
5.480000000000000426e+01,3.763333736497919690e-01,-1.090662014048642448e+02,-2.566923851087146247e+01,6.364156595407340689e+00
5.490000000000000568e+01,3.762885315335949277e-01,-6.206462948699793003e+01,-2.580756405376355289e+01,5.454272383390765810e+00
5.500000000000000000e+01,3.762193346804024174e-01,-1.540867783767837373e+01,-2.550900655027325570e+01,4.788437234442773693e+00
5.510000000000000142e+01,3.761786031661064067e-01,2.878133020051531687e+01,-2.482215284106637299e+01,4.275823905688294957e+00
5.520000000000000284e+01,3.760982183272562618e-01,6.924010894697130425e+01,-2.379607271267450841e+01,3.820239448603537813e+00
5.530000000000000426e+01,3.760653428952312471e-01,1.055600189858278952e+02,-2.247675905252122064e+01,3.387339067930295045e+00
5.540000000000000568e+01,3.759708322135070224e-01,1.381250375958604479e+02,-2.090612403044696421e+01,2.948897646348906942e+00
5.550000000000000000e+01,3.759489231470810600e-01,1.678119618934680091e+02,-1.912034484976592097e+01,2.524361916585097898e+00
5.560000000000000142e+01,3.758358191611052002e-01,1.954876389253372508e+02,-1.715076166269328084e+01,2.104458150892789536e+00
5.570000000000000284e+01,3.758276234756496303e-01,2.215647697644865843e+02,-1.502353654380300796e+01,1.726801360495351378e+00
5.580000000000000426e+01,3.756927774660849262e-01,2.460478594764467175e+02,-1.276206012482660590e+01,1.391631252108212369e+00
5.590000000000000568e+01,3.757027665970953945e-01,2.687701343154418510e+02,-1.038677781762667607e+01,1.153593598480776139e+00
5.600000000000000000e+01,3.755452302385194341e-01,2.895109989105778254e+02,-7.918594284723654120e+00,1.014406521147126705e+00
5.610000000000000142e+01,3.755792086456238299e-01,3.078295584674062866e+02,-5.376889315884762155e+00,1.028659116064278178e+00
5.620000000000000284e+01,3.753993982597984558e-01,3.232645882101733150e+02,-2.784634049332125993e+00,1.178911412734038322e+00
5.630000000000000426e+01,3.754628551204332587e-01,3.354635734566614929e+02,-1.614255298996142007e-01,1.493423313248274376e+00
5.640000000000000568e+01,3.752612869936239881e-01,3.443441499471722409e+02,2.467549002387328549e+00,1.900352939405795416e+00
5.650000000000000000e+01,3.753575442383307870e-01,3.496670456437858547e+02,5.086401180963794566e+00,2.372074189028479108e+00
5.660000000000000142e+01,3.751351071400471082e-01,3.509603982847347652e+02,7.669646263723231883e+00,2.780063588641953132e+00
5.670000000000000284e+01,3.752644715446916690e-01,3.477062192262936833e+02,1.021092399500941994e+01,3.097911103653580689e+00
5.680000000000000426e+01,3.750220869869055340e-01,3.402685195154584790e+02,1.268708788405677979e+01,3.262462487899199903e+00
5.690000000000000568e+01,3.751811160347330310e-01,3.285665187297829561e+02,1.510442583338507738e+01,3.404299280887652657e+00
5.700000000000000000e+01,3.749239040155537550e-01,3.115065145258121220e+02,1.743567606844908724e+01,3.501922343588837805e+00
5.710000000000000142e+01,3.751053940894290561e-01,2.867250778446226605e+02,1.969497214211865810e+01,3.601464116169335927e+00
5.720000000000000284e+01,3.748416007328908006e-01,2.537097704494204322e+02,2.183313018432559716e+01,3.546107757669820781e+00
5.730000000000000426e+01,3.750309465659052988e-01,2.134254970677025085e+02,2.387008174012569484e+01,3.380410734407365059e+00
5.739999999999999858e+01,3.747710161806457885e-01,1.689779867745360775e+02,2.571778347313841095e+01,2.893951551525958177e+00
5.750000000000000000e+01,3.749559123291735796e-01,1.205898385111670450e+02,2.742022077672004343e+01,2.178475253059848793e+00
5.760000000000000853e+01,3.747116302330485427e-01,7.020113966683487661e+01,2.884240344166627068e+01,1.032283679764972817e+00
5.770000000000000284e+01,3.748792046665134214e-01,1.724084928778321313e+01,3.009432449478255123e+01,-3.446294076883585911e-01
5.780000000000000426e+01,3.746591077569690897e-01,-3.496307928422886135e+01,3.098181106857813916e+01,-2.049219097233556663e+00
5.789999999999999858e+01,3.748033187130732080e-01,-8.721863512546266861e+01,3.173047748923477229e+01,-3.821324818960412095e+00
5.800000000000000000e+01,3.746087833716236215e-01,-1.354619081397271998e+02,3.204795465678868993e+01,-5.701918567786626646e+00
5.810000000000000853e+01,3.747332180728851769e-01,-1.813525596177313730e+02,3.232602286706362804e+01,-7.505717369817223705e+00
5.820000000000000284e+01,3.745594926415234949e-01,-2.200810057886337177e+02,3.210226759703799360e+01,-9.274473690461665143e+00
5.830000000000000426e+01,3.746703407317921175e-01,-2.542718033803165838e+02,3.199945687082384893e+01,-1.086421559125695246e+01
5.839999999999999858e+01,3.745121123583485256e-01,-2.786598385400592406e+02,3.128295696995977337e+01,-1.229462759504035319e+01
5.850000000000000000e+01,3.746139802175201261e-01,-2.971001697022756503e+02,3.090805204353118896e+01,-1.344367525184667933e+01
5.860000000000000853e+01,3.744661171109020525e-01,-3.042366119775582547e+02,2.973370343060520682e+01,-1.431864465676437526e+01
5.870000000000000284e+01,3.745615773642340662e-01,-3.052232491208522447e+02,2.920624507980563322e+01,-1.481086309229860731e+01
5.880000000000000426e+01,3.744184098111459358e-01,-2.949140119702746006e+02,2.759450111315350540e+01,-1.492182764204170198e+01
5.889999999999999858e+01,3.745091008825244261e-01,-2.796221156378520618e+02,2.706699366408686558e+01,-1.457276125154789348e+01
5.900000000000000711e+01,3.743641140281421253e-01,-2.547084765252398029e+02,2.504662906261415145e+01,-1.380166338819256033e+01
5.910000000000000142e+01,3.744538085300888608e-01,-2.276134576930243441e+02,2.473639261432214909e+01,-1.261361074534425697e+01
5.920000000000000284e+01,3.742995927953359225e-01,-1.946072424245921582e+02,2.236250176411158463e+01,-1.113420272501346631e+01
5.930000000000000426e+01,3.744026788848188181e-01,-1.645321355431636334e+02,2.255812956664503943e+01,-9.463977773215457745e+00
5.939999999999999858e+01,3.742307451186821510e-01,-1.335296055390869299e+02,1.988522645829273472e+01,-7.766415826836440495e+00
5.950000000000000711e+01,3.743801467334877398e-01,-1.090976628213497435e+02,2.086709605233009768e+01,-6.108317647448561871e+00
5.960000000000000142e+01,3.741637975397664739e-01,-8.106330322982458370e+01,1.784599529822756381e+01,-4.504112896304703462e+00
5.970000000000000284e+01,3.744095039229292099e-01,-5.947811157466072984e+01,1.980295481799174695e+01,-2.780251645895934764e+00
5.980000000000000426e+01,3.740599293975647166e-01,-3.223119624046241682e+01,1.616876487268706697e+01,-7.354689227102040316e-01
5.989999999999999858e+01,3.745183871222693139e-01,-2.201785210215646060e+01,1.934317278040600740e+01,1.378464178137152496e+00
6.000000000000000711e+01,3.735943212328067808e-01,6.354916592954396037e-12,1.398382460445153797e+01,2.722958357392353701e+00
